Nombre,Language,Foil,Qty,Edición,Estado,Precio unitario (Jul-21),Enlace,Comentarios,Valor Total,,,
Mishra's Bauble,EN,,4,Double Masters,NM,10,https://www.cardmarket.com/es/Magic/Products/Singles/Double-Masters/Mishras-Bauble?sellerCountry=10,,40,,,1034.85
Mandato de Kólagan,ES,,2,Dragones de Tarkir,NM,8,https://www.cardmarket.com/es/Magic/Products/Singles/Dragons-of-Tarkir/Kolaghan-s-Command?sellerCountry=10,,16,,,
"Ragavan, Nimble Pilferer",EN,,4,Modern Horizons 2,NM,70,https://www.cardmarket.com/es/Magic/Products/Singles/Modern-Horizons-2/Ragavan-Nimble-Pilferer?sellerCountry=10,,280,,,
Dauthi Voidwalker,EN,,4,Modern Horizons 2,NM,12,https://www.cardmarket.com/es/Magic/Products/Singles/Modern-Horizons-2/Dauthi-Voidwalker?sellerCountry=10,,48,,,
Dragon's Rage Channeler,EN,,4,Modern Horizons 2,NM,4.5,https://www.cardmarket.com/es/Magic/Products/Singles/Modern-Horizons-2/Dragons-Rage-Channeler?sellerCountry=10,,18,,,
"Tourach, Dread Cantor",EN,,2,Modern Horizons 2,NM,6,https://www.cardmarket.com/es/Magic/Products/Singles/Modern-Horizons-2/Tourach-Dread-Cantor?sellerCountry=10,,12,,,
"Kroxa, Titan of Death's Hunger",EN,,1,Theros Beyond Death,NM,25,https://www.cardmarket.com/es/Magic/Products/Singles/Theros-Beyond-Death/Kroxa-Titan-of-Deaths-Hunger?sellerCountry=10,,25,,,
"Kroxa, Titan of Death's Hunger",RU,,2,Theros Beyond Death,NM,24,https://www.cardmarket.com/es/Magic/Products/Singles/Theros-Beyond-Death/Kroxa-Titan-of-Deaths-Hunger?sellerCountry=10,,48,,,
Unholy Heat,EN,,5,Modern Horizons 2,NM,0.15,https://www.cardmarket.com/es/Magic/Products/Singles/Modern-Horizons-2/Unholy-Heat?sellerCountry=10,,0.75,,,
Blood Crypt,EN,,1,Vuelta a Ravnica,NM,11.5,https://www.cardmarket.com/es/Magic/Products/Singles/Return-to-Ravnica/Blood-Crypt?sellerCountry=10,,11.5,,,
Blood Crypt,ES,,1,Vuelta a Ravnica,NM,11.5,https://www.cardmarket.com/es/Magic/Products/Singles/Return-to-Ravnica/Blood-Crypt?sellerCountry=10,,11.5,,,
Terminate,ES,,1,Transmigración,GD,0.2,https://www.cardmarket.com/es/Magic/Products/Singles/Planeshift/Terminate?sellerCountry=10,,0.2,,,
Prismatic Ending (V.1),EN,,2,Modern Horizons 2,NM,2,https://www.cardmarket.com/es/Magic/Products/Singles/Modern-Horizons-2-Extras/Prismatic-Ending-V1?sellerCountry=10,V.1,4,,,
Prismatic Ending (V.2),EN,,1,Modern Horizons 2,NM,2,https://www.cardmarket.com/es/Magic/Products/Singles/Modern-Horizons-2-Extras/Prismatic-Ending-V1?sellerCountry=10,V.2,2,,,
Inquisition of Kozilek,EN,,2,Levantamiento de los Eldrazi,NM,3.5,https://www.cardmarket.com/es/Magic/Products/Singles/Rise-of-the-Eldrazi/Inquisition-of-Kozilek?sellerCountry=10,,7,,,
Inquisition of Kozilek,ES,,2,Levantamiento de los Eldrazi,NM,3.5,https://www.cardmarket.com/es/Magic/Products/Singles/Rise-of-the-Eldrazi/Inquisition-of-Kozilek?sellerCountry=10,,7,,,
Thoughtseize ,ES,,3,Theros,NM,14.5,https://www.cardmarket.com/es/Magic/Products/Singles/Theros/Thoughtseize?sellerCountry=10,,43.5,,,
Lightning Bolt,EN,,2,Magic 2011,NM,2.2,https://www.cardmarket.com/es/Magic/Products/Singles/Magic-2011/Lightning-Bolt?sellerCountry=10,,4.4,,,
Lightning Bolt,ES,,1,Magic 2011,NM,2.2,https://www.cardmarket.com/es/Magic/Products/Singles/Magic-2011/Lightning-Bolt?sellerCountry=10,,2.2,,,
Lightning Bolt,EN,,1,Magic 2010,NM,1.6,https://www.cardmarket.com/es/Magic/Products/Singles/Magic-2011/Lightning-Bolt?sellerCountry=10,,1.6,,,
Blood Crypt,EN,,1,Vuelta a Ravnica,NM,12.5,https://www.cardmarket.com/es/Magic/Products/Singles/Return-to-Ravnica/Blood-Crypt?sellerCountry=10,,12.5,,,
Blood Crypt,ES,,1,Vuelta a Ravnica,NM,12.5,https://www.cardmarket.com/es/Magic/Products/Singles/Return-to-Ravnica/Blood-Crypt?sellerCountry=10,,12.5,,,
Godless Shrine,EN,,1,La lealtad de Ravnica,NM,7.5,https://www.cardmarket.com/es/Magic/Products/Singles/Ravnica-Allegiance/Godless-Shrine?sellerCountry=10,,7.5,,,
Sacred Foundry,EN,,1,Gatecrash,NM,9,https://www.cardmarket.com/es/Magic/Products/Singles/Gatecrash/Sacred-Foundry?sellerCountry=10,,9,,,
"Shinka, the Bloodsoaked Keep",EN,,1,Campeones de Kamigawa,GD,11,https://www.cardmarket.com/es/Magic/Products/Singles/Magic-2010/Lightning-Bolt?sellerCountry=10,,11,,,
"Shizo, Death's Storehouse",ES,,1,Campeones de Kamigawa,LP,12,https://www.cardmarket.com/es/Magic/Products/Singles/Champions-of-Kamigawa/Shizo-Deaths-Storehouse?sellerCountry=10,,12,,,
Graven Cairns,EN,,2,Páramo Sombrío,NM,3,https://www.cardmarket.com/es/Magic/Products/Singles/Shadowmoor/Graven-Cairns?sellerCountry=10,,6,,,
Blackcleave Cliffs,EN,Sí,1,Cicatrices de Mirrodin,NM,40,https://www.cardmarket.com/es/Magic/Products/Singles/Scars-of-Mirrodin/Blackcleave-Cliffs?sellerCountry=10,,40,,,
Blackcleave Cliffs,ES,,3,Cicatrices de Mirrodin,NM,19,https://www.cardmarket.com/es/Magic/Products/Singles/Scars-of-Mirrodin/Blackcleave-Cliffs?sellerCountry=10,,57,,,
Verdant Catacombs,EN,,2,Zendikar,NM,30,https://www.cardmarket.com/es/Magic/Products/Singles/Zendikar/Verdant-Catacombs?sellerCountry=10,,60,,,
Wooded Foothills,ES,,1,Khans of Tarkir,NM,29,https://www.cardmarket.com/es/Magic/Products/Singles/Khans-of-Tarkir/Wooded-Foothills?sellerCountry=10,,29,,,
Bloodstained Mire,EN,,4,Khans of Tarkir,NM,29,https://www.cardmarket.com/es/Magic/Products/Singles/Khans-of-Tarkir/Bloodstained-Mire?sellerCountry=10,,116,,,
Lurrus of the Dream-Den,EN,,1,Ikoria: Lair of Behemoths,NM,11.5,https://www.cardmarket.com/es/Magic/Products/Singles/Ikoria-Lair-of-Behemoths/Lurrus-of-the-Dream-Den?sellerCountry=10,,11.5,,,
Void Mirror,EN,,1,Modern Horizons 2,NM,0.7,https://www.cardmarket.com/es/Magic/Products/Singles/Modern-Horizons-2/Void-Mirror?sellerCountry=10,,0.7,,,
Cursed Totem,EN,,1,Modern Horizons 2,NM,0.4,https://www.cardmarket.com/es/Magic/Products/Singles/Modern-Horizons-2/Cursed-Totem-V1?sellerCountry=10,,0.4,,,
Shattering Spree,EN,,3,El Pacto entre Gremios,NM,2.5,https://www.cardmarket.com/es/Magic/Products/Singles/Guildpact/Shattering-Spree?sellerCountry=10,,7.5,,,
Engineered Explosives ,EN,,2,Ultimate Masters,NM,9.5,https://www.cardmarket.com/es/Magic/Products/Singles/Ultimate-Masters/Engineered-Explosives?sellerCountry=10,,19,,,
Blood Moon,EN,,3,Modern Masters,NM,12,https://www.cardmarket.com/es/Magic/Products/Singles/Modern-Masters/Blood-Moon?sellerCountry=10,,36,,,
Pithing Needle,EN,,1,Magic 2010,NM,2.2,https://www.cardmarket.com/es/Magic/Products/Singles/Magic-2010/Pithing-Needle?sellerCountry=10,,2.2,,,
Pithing Needle,EN,,1,Salvadores de Kamigawa,NM,2.2,https://www.cardmarket.com/es/Magic/Products/Singles/Saviors-of-Kamigawa/Pithing-Needle?sellerCountry=10,,2.2,,,
Nihil Spellbomb,ES,,1,Cicatrices de Mirrodin,NM,0.2,https://www.cardmarket.com/es/Magic/Products/Singles/Scars-of-Mirrodin/Nihil-Spellbomb?sellerCountry=10,,0.2,,,
Nombre,Language,Foil,Qty,Edición,Estado,Precio unitario (Jul-21),Enlace,Comentarios,Valor Total,Baraja,,,,,
Mishra's Bauble,EN,,4,Double Masters,NM,10,https://www.cardmarket.com/es/Magic/Products/Singles/Double-Masters/Mishras-Bauble?sellerCountry=10,,40,Rackdos Midrange,,3575.56,,,
Mandato de Kólagan,ES,,2,Dragones de Tarkir,NM,8,https://www.cardmarket.com/es/Magic/Products/Singles/Dragons-of-Tarkir/Kolaghan-s-Command?sellerCountry=10,,16,Rackdos Midrange,,,,,
"Ragavan, Nimble Pilferer",EN,,4,Modern Horizons 2,NM,70,https://www.cardmarket.com/es/Magic/Products/Singles/Modern-Horizons-2/Ragavan-Nimble-Pilferer?sellerCountry=10,,280,Rackdos Midrange,,,,,
Dauthi Voidwalker,EN,,4,Modern Horizons 2,NM,12,https://www.cardmarket.com/es/Magic/Products/Singles/Modern-Horizons-2/Dauthi-Voidwalker?sellerCountry=10,,48,Rackdos Midrange,,,,,
Dragon's Rage Channeler,EN,,4,Modern Horizons 2,NM,4.5,https://www.cardmarket.com/es/Magic/Products/Singles/Modern-Horizons-2/Dragons-Rage-Channeler?sellerCountry=10,,18,Rackdos Midrange,,,,,
"Tourach, Dread Cantor",EN,,2,Modern Horizons 2,NM,6,https://www.cardmarket.com/es/Magic/Products/Singles/Modern-Horizons-2/Tourach-Dread-Cantor?sellerCountry=10,,12,Rackdos Midrange,,,,,
"Kroxa, Titan of Death's Hunger",EN,,1,Theros Beyond Death,NM,25,https://www.cardmarket.com/es/Magic/Products/Singles/Theros-Beyond-Death/Kroxa-Titan-of-Deaths-Hunger?sellerCountry=10,,25,Rackdos Midrange,,,,,
"Kroxa, Titan of Death's Hunger",RU,,2,Theros Beyond Death,NM,24,https://www.cardmarket.com/es/Magic/Products/Singles/Theros-Beyond-Death/Kroxa-Titan-of-Deaths-Hunger?sellerCountry=10,,48,Rackdos Midrange,,,,,
Unholy Heat,EN,,5,Modern Horizons 2,NM,0.15,https://www.cardmarket.com/es/Magic/Products/Singles/Modern-Horizons-2/Unholy-Heat?sellerCountry=10,,0.75,Rackdos Midrange,,,,,
Blood Crypt,EN,,1,Vuelta a Ravnica,NM,11.5,https://www.cardmarket.com/es/Magic/Products/Singles/Return-to-Ravnica/Blood-Crypt?sellerCountry=10,,11.5,Rackdos Midrange,,,,,
Blood Crypt,ES,,1,Vuelta a Ravnica,NM,11.5,https://www.cardmarket.com/es/Magic/Products/Singles/Return-to-Ravnica/Blood-Crypt?sellerCountry=10,,11.5,Rackdos Midrange,,,,,
Terminate,ES,,1,Transmigración,GD,0.2,https://www.cardmarket.com/es/Magic/Products/Singles/Planeshift/Terminate?sellerCountry=10,,0.2,Rackdos Midrange,,,,,
Prismatic Ending (V.1),EN,,2,Modern Horizons 2,NM,2,https://www.cardmarket.com/es/Magic/Products/Singles/Modern-Horizons-2-Extras/Prismatic-Ending-V1?sellerCountry=10,V.1,4,Rackdos Midrange,,,,,
Prismatic Ending (V.2),EN,,1,Modern Horizons 2,NM,2,https://www.cardmarket.com/es/Magic/Products/Singles/Modern-Horizons-2-Extras/Prismatic-Ending-V1?sellerCountry=10,V.2,2,Rackdos Midrange,,,,,
Inquisition of Kozilek,EN,,2,Levantamiento de los Eldrazi,NM,3.5,https://www.cardmarket.com/es/Magic/Products/Singles/Rise-of-the-Eldrazi/Inquisition-of-Kozilek?sellerCountry=10,,7,Rackdos Midrange,,,,,
Inquisition of Kozilek,ES,,2,Levantamiento de los Eldrazi,NM,3.5,https://www.cardmarket.com/es/Magic/Products/Singles/Rise-of-the-Eldrazi/Inquisition-of-Kozilek?sellerCountry=10,,7,Rackdos Midrange,,,,,
Thoughtseize ,ES,,3,Theros,NM,14.5,https://www.cardmarket.com/es/Magic/Products/Singles/Theros/Thoughtseize?sellerCountry=10,,43.5,Rackdos Midrange,,,,,
Lightning Bolt,EN,,2,Magic 2011,NM,2.2,https://www.cardmarket.com/es/Magic/Products/Singles/Magic-2011/Lightning-Bolt?sellerCountry=10,,4.4,Rackdos Midrange,,,,,
Lightning Bolt,ES,,1,Magic 2011,NM,2.2,https://www.cardmarket.com/es/Magic/Products/Singles/Magic-2011/Lightning-Bolt?sellerCountry=10,,2.2,Rackdos Midrange,,,,,
Lightning Bolt,EN,,1,Magic 2010,NM,1.6,https://www.cardmarket.com/es/Magic/Products/Singles/Magic-2011/Lightning-Bolt?sellerCountry=10,,1.6,Rackdos Midrange,,,,,
Blood Crypt,EN,,1,Vuelta a Ravnica,NM,12.5,https://www.cardmarket.com/es/Magic/Products/Singles/Return-to-Ravnica/Blood-Crypt?sellerCountry=10,,12.5,Rackdos Midrange,,,,,
Blood Crypt,ES,,1,Vuelta a Ravnica,NM,12.5,https://www.cardmarket.com/es/Magic/Products/Singles/Return-to-Ravnica/Blood-Crypt?sellerCountry=10,,12.5,Rackdos Midrange,,,,,
Godless Shrine,EN,,1,La lealtad de Ravnica,NM,7.5,https://www.cardmarket.com/es/Magic/Products/Singles/Ravnica-Allegiance/Godless-Shrine?sellerCountry=10,,7.5,Rackdos Midrange,,,,,
Sacred Foundry,EN,,1,Gatecrash,NM,9,https://www.cardmarket.com/es/Magic/Products/Singles/Gatecrash/Sacred-Foundry?sellerCountry=10,,9,Rackdos Midrange,,,,,
"Shinka, the Bloodsoaked Keep",EN,,1,Campeones de Kamigawa,GD,11,https://www.cardmarket.com/es/Magic/Products/Singles/Magic-2010/Lightning-Bolt?sellerCountry=10,,11,Rackdos Midrange,,,,,
"Shizo, Death's Storehouse",ES,,1,Campeones de Kamigawa,LP,12,https://www.cardmarket.com/es/Magic/Products/Singles/Champions-of-Kamigawa/Shizo-Deaths-Storehouse?sellerCountry=10,,12,Rackdos Midrange,,,,,
Graven Cairns,EN,,2,Páramo Sombrío,NM,3,https://www.cardmarket.com/es/Magic/Products/Singles/Shadowmoor/Graven-Cairns?sellerCountry=10,,6,Rackdos Midrange,,,,,
Blackcleave Cliffs,EN,Sí,1,Cicatrices de Mirrodin,NM,40,https://www.cardmarket.com/es/Magic/Products/Singles/Scars-of-Mirrodin/Blackcleave-Cliffs?sellerCountry=10,,40,Rackdos Midrange,,,,,
Blackcleave Cliffs,ES,,3,Cicatrices de Mirrodin,NM,19,https://www.cardmarket.com/es/Magic/Products/Singles/Scars-of-Mirrodin/Blackcleave-Cliffs?sellerCountry=10,,57,Rackdos Midrange,,,,,
Verdant Catacombs,EN,,2,Zendikar,NM,30,https://www.cardmarket.com/es/Magic/Products/Singles/Zendikar/Verdant-Catacombs?sellerCountry=10,,60,Rackdos Midrange,,,,,
Wooded Foothills,ES,,1,Khans of Tarkir,NM,29,https://www.cardmarket.com/es/Magic/Products/Singles/Khans-of-Tarkir/Wooded-Foothills?sellerCountry=10,,29,Rackdos Midrange,,,,,
Bloodstained Mire,EN,,4,Khans of Tarkir,NM,29,https://www.cardmarket.com/es/Magic/Products/Singles/Khans-of-Tarkir/Bloodstained-Mire?sellerCountry=10,,116,Rackdos Midrange,,,,,
Lurrus of the Dream-Den,EN,,1,Ikoria: Lair of Behemoths,NM,11.5,https://www.cardmarket.com/es/Magic/Products/Singles/Ikoria-Lair-of-Behemoths/Lurrus-of-the-Dream-Den?sellerCountry=10,,11.5,Rackdos Midrange,,,,,
Void Mirror,EN,,1,Modern Horizons 2,NM,0.7,https://www.cardmarket.com/es/Magic/Products/Singles/Modern-Horizons-2/Void-Mirror?sellerCountry=10,,0.7,Rackdos Midrange,,,,,
Cursed Totem,EN,,1,Modern Horizons 2,NM,0.4,https://www.cardmarket.com/es/Magic/Products/Singles/Modern-Horizons-2/Cursed-Totem-V1?sellerCountry=10,,0.4,Rackdos Midrange,,,,,
Shattering Spree,EN,,3,El Pacto entre Gremios,NM,2.5,https://www.cardmarket.com/es/Magic/Products/Singles/Guildpact/Shattering-Spree?sellerCountry=10,,7.5,Rackdos Midrange,,,,,
Engineered Explosives ,EN,,2,Ultimate Masters,NM,9.5,https://www.cardmarket.com/es/Magic/Products/Singles/Ultimate-Masters/Engineered-Explosives?sellerCountry=10,,19,Rackdos Midrange,,,,,
Blood Moon,EN,,3,Modern Masters,NM,12,https://www.cardmarket.com/es/Magic/Products/Singles/Modern-Masters/Blood-Moon?sellerCountry=10,,36,Rackdos Midrange,,,,,
Pithing Needle,EN,,1,Magic 2010,NM,2.2,https://www.cardmarket.com/es/Magic/Products/Singles/Magic-2010/Pithing-Needle?sellerCountry=10,,2.2,Rackdos Midrange,,,,,
Pithing Needle,EN,,1,Salvadores de Kamigawa,NM,2.2,https://www.cardmarket.com/es/Magic/Products/Singles/Saviors-of-Kamigawa/Pithing-Needle?sellerCountry=10,,2.2,Rackdos Midrange,,,,,
Nihil Spellbomb,ES,,1,Cicatrices de Mirrodin,NM,0.2,https://www.cardmarket.com/es/Magic/Products/Singles/Scars-of-Mirrodin/Nihil-Spellbomb?sellerCountry=10,,0.2,Rackdos Midrange,,,,,
Castle Locthwain,EN,,1,Throne of Eldraine,NM,2.5,https://www.cardmarket.com/es/Magic/Products/Singles/Throne-of-Eldraine/Castle-Locthwain?sellerCountry=10,,2.5,Pool,,,,,
Bloodchief's Thirst,EN,Sí,1,El resurgir de Zendikar,NM,0.15,https://www.cardmarket.com/es/Magic/Products/Singles/Zendikar-Rising/Bloodchiefs-Thirst?sellerCountry=10,,0.15,Pool,,,,,
Bloodchief's Thirst,JP,,1,El resurgir de Zendikar,NM,0.15,https://www.cardmarket.com/es/Magic/Products/Singles/Zendikar-Rising/Bloodchiefs-Thirst?sellerCountry=10,,0.15,Pool,,,,,
Dark Confidant,EN,,1,Rávnica: Ciudad de Gremios,NM,19,https://www.cardmarket.com/es/Magic/Products/Singles/Ravnica-City-of-Guilds/Dark-Confidant?sellerCountry=10,,19,Pool,,,,,
Dark Confidant,ES,,1,Rávnica: Ciudad de Gremios,NM,19,https://www.cardmarket.com/es/Magic/Products/Singles/Ravnica-City-of-Guilds/Dark-Confidant?sellerCountry=10,,19,Pool,,,,,
Lurrus of the Dream-Den,EN,,3,Ikoria: Lair of Behemoths,NM,11.5,https://www.cardmarket.com/es/Magic/Products/Singles/Ikoria-Lair-of-Behemoths/Lurrus-of-the-Dream-Den?sellerCountry=10,,34.5,Pool,,,,,
Damping Sphere,EN,,1,Dominaria,NM,1,https://www.cardmarket.com/es/Magic/Products/Singles/Dominaria/Damping-Sphere?sellerCountry=10,,1,Pool,,,,,
Terminate,EN,,1,Alara Reborn,EX,0.2,https://www.cardmarket.com/es/Magic/Products/Singles/Alara-Reborn/Terminate?sellerCountry=10,,0.2,Pool,,,,,
Dreadbore,EN,,1,Vuelta a Ravnica,NM,2,https://www.cardmarket.com/es/Magic/Products/Singles/Return-to-Ravnica/Dreadbore?sellerCountry=10,,2,Pool,,,,,
Dreadbore,ES,,1,Archenemy: Nicol Bolas,NM,2.5,https://www.cardmarket.com/es/Magic/Products/Singles/Archenemy-Nicol-Bolas/Dreadbore?sellerCountry=10,,2.5,Pool,,,,,
Kitchen Finks,EN,,2,Páramo Sombrío,NM,0.5,https://www.cardmarket.com/es/Magic/Products/Singles/Shadowmoor/Kitchen-Finks?sellerCountry=10,,1,Pool,,,,,
"Ashiok, Dream Render",ES,,2,La Guerra de la Chispa,NM,0.9,https://www.cardmarket.com/es/Magic/Products/Singles/War-of-the-Spark/Ashiok-Dream-Render?sellerCountry=10,,1.8,Pool,,,,,
Maelstrom Pulse,EN,,1,Ultimate Masters,NM,2,https://www.cardmarket.com/es/Magic/Products/Singles/Ultimate-Masters/Maelstrom-Pulse?sellerCountry=10,,2,Pool,,,,,
Mandato de Kólagan,EN,,1,Dragones de Tarkir,NM,8,https://www.cardmarket.com/es/Magic/Products/Singles/Dragons-of-Tarkir/Kolaghan-s-Command?sellerCountry=10,,8,Pool,,,,,
Fulminator Mage,EN,,2,Modern Masters 2015,NM,2.5,https://www.cardmarket.com/es/Magic/Products/Singles/Modern-Masters-2015/Fulminator-Mage?sellerCountry=10,,5,Pool,,,,,
Fulminator Mage,EN,,1,Páramo Sombrío,NM,2.5,https://www.cardmarket.com/es/Magic/Products/Singles/Shadowmoor/Fulminator-Mage?sellerCountry=10,,2.5,Pool,,,,,
Abrupt Decay,EN,,2,Vuelta a Ravnica,NM,5,https://www.cardmarket.com/es/Magic/Products/Singles/Return-to-Ravnica/Abrupt-Decay?sellerCountry=10,,10,Pool,,,,,
Bloodbraid Elf,EN,,2,Eternal Masters,NM,1,https://www.cardmarket.com/es/Magic/Products/Singles/Eternal-Masters/Bloodbraid-Elf?sellerCountry=10,,2,Pool,,,,,
Bloodbraid Elf,EN,,1,Alara Reborn,NM,1,https://www.cardmarket.com/es/Magic/Products/Singles/Eternal-Masters/Bloodbraid-Elf?sellerCountry=10,,1,Pool,,,,,
Bloodbraid Elf,EN,,1,Planechase 2012,NM,1.5,https://www.cardmarket.com/es/Magic/Products/Singles/Eternal-Masters/Bloodbraid-Elf?sellerCountry=10,,1.5,Pool,,,,,
"Valki, God of Lies",EN,Sí,3,Kaldheim,NM,24,https://www.cardmarket.com/es/Magic/Products/Singles/Kaldheim/Valki-God-of-Lies-Tibalt-Cosmic-Impostor?sellerCountry=10&isFoil=Y,,72,Pool,,,,,
"Valki, God of Lies",ES,Sí,1,Kaldheim,NM,24,https://www.cardmarket.com/es/Magic/Products/Singles/Kaldheim/Valki-God-of-Lies-Tibalt-Cosmic-Impostor?sellerCountry=10&isFoil=Y,,24,Pool,,,,,
Wrenn and Six,ES,,3,Modern Horizons,NM,75,https://www.cardmarket.com/es/Magic/Products/Singles/Modern-Horizons/Wrenn-and-Six?sellerCountry=10,,225,Pool,,,,,
Abrade,EN,,2,Double Masters,NM,0.15,https://www.cardmarket.com/es/Magic/Products/Singles/Double-Masters/Abrade?sellerCountry=10,,0.3,Pool,,,,,
Pia y Kiran Nalaar,EN,,1,Magic Orígenes,NM,0.15,https://www.cardmarket.com/es/Magic/Products/Singles/Magic-Origins/Pia-and-Kiran-Nalaar?sellerCountry=10,,0.15,Pool,,,,,
Pia y Kiran Nalaar,ES,,1,Magic Orígenes,NM,0.15,https://www.cardmarket.com/es/Magic/Products/Singles/Magic-Origins/Pia-and-Kiran-Nalaar?sellerCountry=10,,0.15,Pool,,,,,
Hazoret the Fervent,EN,,2,Amonkhet,NM,2,https://www.cardmarket.com/es/Magic/Products/Singles/Amonkhet/Hazoret-the-Fervent?sellerCountry=10,,4,Pool,,,,,
Bonecrusher Giant,EN,,1,Throne of Eldraine,NM,0.8,https://www.cardmarket.com/es/Magic/Products/Singles/Throne-of-Eldraine/Bonecrusher-Giant-Stomp?sellerCountry=10,,0.8,Pool,,,,,
Magmatic Channeler,EN,,2,El resurgir de Zendikar: Extras,NM,1.5,https://www.cardmarket.com/es/Magic/Products/Singles/Zendikar-Rising-Extras/Magmatic-Channeler?sellerCountry=10,Full Art,3,Pool,,,,,
Magmatic Channeler,EN,Sí,2,El resurgir de Zendikar,NM,1.5,https://www.cardmarket.com/es/Magic/Products/Singles/Zendikar-Rising/Magmatic-Channeler?sellerCountry=10,,3,Pool,,,,,
"Chandra, Torch of Defiance",EN,,1,Signature Spellbook: Chandra,NM,4,https://www.cardmarket.com/es/Magic/Products/Singles/Signature-Spellbook-Chandra/Chandra-Torch-of-Defiance?sellerCountry=10,,4,Pool,,,,,
Seasoned Pyromancer,EN,,4,Horizontes de Modern,NM,31,https://www.cardmarket.com/es/Magic/Products/Singles/Modern-Horizons/Seasoned-Pyromancer?sellerCountry=10,,124,Pool,,,,,
Grim Lavamancer,EN,,2,Double Masters,NM,0.85,https://www.cardmarket.com/es/Magic/Products/Singles/Double-Masters/Grim-Lavamancer?sellerCountry=10,,1.7,Pool,,,,,
Cleansing Wildfire,EN,,2,El resurgir de Zendikar,NM,0.15,https://www.cardmarket.com/es/Magic/Products/Singles/Zendikar-Rising/Cleansing-Wildfire?sellerCountry=10,,0.3,Pool,,,,,
Anger of the Gods,EN,,1,Teros,NM,1,https://www.cardmarket.com/es/Magic/Products/Singles/Theros/Anger-of-the-Gods?sellerCountry=10,,1,Pool,,,,,
Temur Battle Rage,EN,Sí,4,Double Masters,NM,0.2,https://www.cardmarket.com/es/Magic/Products/Singles/Double-Masters/Temur-Battle-Rage?sellerCountry=10&isFoil=Y,,0.8,Pool,,,,,
Dismember,ES,,2,Nueva Phyrexia,NM,1.5,https://www.cardmarket.com/es/Magic/Products/Singles/New-Phyrexia/Dismember?sellerCountry=10,,3,Pool,,,,,
Fatal Push,EN,Sí,4,Friday Night Magic Promos,NM,1.5,https://www.cardmarket.com/es/Magic/Products/Singles/Friday-Night-Magic-Promos/Fatal-Push?sellerCountry=10,,6,Pool,,,,,
Feed the Swarm,EN,,3,El resurgir de Zendikar,NM,0.15,https://www.cardmarket.com/es/Magic/Products/Singles/Zendikar-Rising/Feed-the-Swarm?sellerCountry=10,,0.45,Pool,,,,,
Thoughtseize ,EN,,1,Theros,NM,14.5,https://www.cardmarket.com/es/Magic/Products/Singles/Theros/Thoughtseize?sellerCountry=10,,14.5,Pool,,,,,
Plague Engineer,EN,,1,Horizontes de Modern,NM,4,https://www.cardmarket.com/es/Magic/Products/Singles/Modern-Horizons/Plague-Engineer?sellerCountry=10,,4,Pool,,,,,
Plague Engineer,ES,,1,Horizontes de Modern,NM,4,https://www.cardmarket.com/es/Magic/Products/Singles/Modern-Horizons/Plague-Engineer?sellerCountry=10,,4,Pool,,,,,
Blood Moon,EN,,3,Modern Masters,NM,12,https://www.cardmarket.com/es/Magic/Products/Singles/Modern-Masters/Blood-Moon?sellerCountry=10,,36,Pool,,,,,
Leyline of the Void,EN,,3,Magic 2020,NM,4.5,https://www.cardmarket.com/es/Magic/Products/Singles/Core-2020/Leyline-of-the-Void?sellerCountry=10,,13.5,Pool,,,,,
Cling to Dust,EN,,2,Theros Beyond Death,NM,0.15,https://www.cardmarket.com/es/Magic/Products/Singles/Theros-Beyond-Death/Cling-to-Dust?sellerCountry=10,,0.3,Pool,,,,,
Liliana of the Veil,EN,,3,Innistrad,NM,60,https://www.cardmarket.com/es/Magic/Products/Singles/Innistrad/Liliana-of-the-Veil?sellerCountry=10,,180,Pool,,,,,
Liliana of the Veil,EN,,1,Modern Masters 2017,NM,60,https://www.cardmarket.com/es/Magic/Products/Singles/Innistrad/Liliana-of-the-Veil?sellerCountry=10,,60,Pool,,,,,
Collector Ouphe,EN,,2,Horizontes de Modern,NM,3.75,https://www.cardmarket.com/es/Magic/Products/Singles/Modern-Horizons/Collector-Ouphe?sellerCountry=10,,7.5,Pool,,,,,
Obstinate Baloth,EN,,1,Magic 2011,NM,0.4,https://www.cardmarket.com/es/Magic/Products/Singles/Magic-2011/Obstinate-Baloth?sellerCountry=10&isFoil=Y,,0.4,Pool,,,,,
Obstinate Baloth,ES,,1,Magic 2011,NM,0.4,https://www.cardmarket.com/es/Magic/Products/Singles/Magic-2011/Obstinate-Baloth?sellerCountry=10&isFoil=Y,,0.4,Pool,,,,,
Obstinate Baloth,ES,Sí,1,Magic 2011,NM,4,https://www.cardmarket.com/es/Magic/Products/Singles/Magic-2011/Obstinate-Baloth?sellerCountry=10&isFoil=Y,,4,Pool,,,,,
Unravel the Aether,ES,,1,Born of the Gods,NM,0.2,https://www.cardmarket.com/es/Magic/Products/Singles/Born-of-the-Gods/Unravel-the-Aether?sellerCountry=10,,0.2,Pool,,,,,
Unravel the Aether,EN,,1,Born of the Gods,NM,0.2,https://www.cardmarket.com/es/Magic/Products/Singles/Born-of-the-Gods/Unravel-the-Aether?sellerCountry=10,,0.2,Pool,,,,,
"Thrun, the Last Troll",ES,,1,Mirrodin sitiado,NM,2.5,https://www.cardmarket.com/es/Magic/Products/Singles/Mirrodin-Besieged/Thrun-the-Last-Troll?sellerCountry=10,,2.5,Pool,,,,,
Engineered Explosives ,EN,,2,Ultimate Masters,NM,9.5,https://www.cardmarket.com/es/Magic/Products/Singles/Ultimate-Masters/Engineered-Explosives?sellerCountry=10,,19,Pool,,,,,
Savai Triome,EN,,1,Ikoria: Lair of Behemoths,NM,6,https://www.cardmarket.com/es/Magic/Products/Singles/Ikoria-Lair-of-Behemoths/Savai-Triome?sellerCountry=10,,6,Pool,,,,,
Polluted Delta,EN,,1,Khans of Tarkir,NM,32,https://www.cardmarket.com/es/Magic/Products/Singles/Khans-of-Tarkir/Polluted-Delta?sellerCountry=10,,32,Pool,,,,,
Polluted Delta,ES,,3,Khans of Tarkir,NM,32,https://www.cardmarket.com/es/Magic/Products/Singles/Khans-of-Tarkir/Polluted-Delta?sellerCountry=10,,96,Pool,,,,,
Raging Ravine,EN,,1,Ultimate Masters,NM,1.5,https://www.cardmarket.com/es/Magic/Products/Singles/Ultimate-Masters/Raging-Ravine?sellerCountry=10,,1.5,Pool,,,,,
Verdant Catacombs,EN,,1,Modern Masters 2017,NM,32,https://www.cardmarket.com/es/Magic/Products/Singles/Zendikar/Verdant-Catacombs?sellerCountry=10,,32,Pool,,,,,
Verdant Catacombs,ES,,1,Zendikar,NM,30,https://www.cardmarket.com/es/Magic/Products/Singles/Zendikar/Verdant-Catacombs?sellerCountry=10,,30,Pool,,,,,
Wooded Foothills,ES,,1,Khans of Tarkir,NM,29,https://www.cardmarket.com/es/Magic/Products/Singles/Khans-of-Tarkir/Wooded-Foothills?sellerCountry=10,,29,Pool,,,,,
Stomping Ground,CH,,1,Gatecrash,NM,6.5,https://www.cardmarket.com/es/Magic/Products/Singles/Gatecrash/Stomping-Ground?sellerCountry=10,,6.5,Pool,,,,,
Overgrown Tomb,EN,,1,Gremios de Rávnica,NM,6.5,https://www.cardmarket.com/es/Magic/Products/Singles/Guilds-of-Ravnica/Overgrown-Tomb?sellerCountry=10,,6.5,Pool,,,,,
Overgrown Tomb,ES,,1,Gremios de Rávnica,NM,6.5,https://www.cardmarket.com/es/Magic/Products/Singles/Guilds-of-Ravnica/Overgrown-Tomb?sellerCountry=10,,6.5,Pool,,,,,
Ghost Quarter,EN,,1,Innistrad,NM,0.4,https://www.cardmarket.com/es/Magic/Products/Singles/Innistrad/Ghost-Quarter?sellerCountry=10,,0.4,Pool,,,,,
Nurturing Peatland,EN,,2,Horizontes de Modern,NM,9.5,https://www.cardmarket.com/es/Magic/Products/Singles/Modern-Horizons/Nurturing-Peatland?sellerCountry=10,,19,Pool,,,,,
Aldea en las copas,ES,,1,Duel Decks: Knights vs. Dragons,NM,0.4,https://www.cardmarket.com/es/Magic/Products/Singles/Duel-Decks-Knights-vs-Dragons/Treetop-Village?sellerCountry=10,,0.4,Pool,,,,,
Soul-Guide Lantern,EN,,3,Theros Beyond Death,NM,1.25,https://www.cardmarket.com/es/Magic/Products/Singles/Theros-Beyond-Death/Soul-Guide-Lantern?sellerCountry=10,,3.75,Pool,,,,,
Barren Moor,EN,,1,Horizontes de Modern,NM,0.2,https://www.cardmarket.com/es/Magic/Products/Singles/Modern-Horizons/Barren-Moor?sellerCountry=10,,0.2,Pool,,,,,
Blood Crypt,EN,,1,Discordia,EX,13.5,https://www.cardmarket.com/es/Magic/Products/Singles/Return-to-Ravnica/Blood-Crypt?sellerCountry=10,,13.5,Pool,,,,,
Death's Shadow,EN,,4,Double Masters,NM,5,https://www.cardmarket.com/es/Magic/Products/Singles/Double-Masters/Deaths-Shadow?sellerCountry=10,,20,Pool,,,,,
Scourge of the Skyclaves,EN,,4,EL resurgir de Zendikar,NM,12,https://www.cardmarket.com/es/Magic/Products/Singles/Zendikar-Rising/Scourge-of-the-Skyclaves?sellerCountry=10,,48,Pool,,,,,
Tarmogoyf,EN,,4,Modern Masters 2017,NM,34,https://www.cardmarket.com/es/Magic/Products/Singles/Modern-Masters-2017/Tarmogoyf?sellerCountry=10,,136,Pool,,,,,
Hexdrinker,EN,,4,Horizontes de Modern,NM,20,https://www.cardmarket.com/es/Magic/Products/Singles/Modern-Horizons/Hexdrinker?sellerCountry=10,,80,Pool,,,,,
Cieno carroñero,EN,Sí,4,Magic 2014,NM,1,https://www.cardmarket.com/es/Magic/Products/Singles/Magic-2014/Scavenging-Ooze?sellerCountry=10,,4,Pool,,,,,
Assassin's Trophy,EN,,1,Gremios de Rávnica,NM,10.5,https://www.cardmarket.com/es/Magic/Products/Singles/Guilds-of-Ravnica/Assassins-Trophy?sellerCountry=10,,10.5,Pool,,,,,
Assassin's Trophy,ES,,1,Gremios de Rávnica,NM,10.5,https://www.cardmarket.com/es/Magic/Products/Singles/Guilds-of-Ravnica/Assassins-Trophy?sellerCountry=10,,10.5,Pool,,,,,
Choke,ES,,2,Tempestad,EX,2,https://www.cardmarket.com/es/Magic/Products/Singles/Tempest/Choke?sellerCountry=10,,4,Pool,,,,,
Choke,EN,,1,Tempestad,EX,2,https://www.cardmarket.com/es/Magic/Products/Singles/Tempest/Choke?sellerCountry=10,,2,Pool,,,,,
Veil of Summer,ES,,2,Magic 2020,NM,8,https://www.cardmarket.com/es/Magic/Products/Singles/Core-2020/Veil-of-Summer?sellerCountry=10,,16,Pool,,,,,
Monastery Swiftspear,EN,,4,Iconic Masters,NM,2.3,https://www.cardmarket.com/es/Magic/Products/Singles/Iconic-Masters/Monastery-Swiftspear?sellerCountry=10,,9.2,Pool,,,,,
Pithing Needle,EN,,1,Vuelta a Ravnica,NM,2.2,https://www.cardmarket.com/es/Magic/Products/Singles/Magic-2010/Pithing-Needle?sellerCountry=10,,2.2,Pool,,,,,
Nihil Spellbomb,ES,,1,Cicatrices de Mirrodin,NM,0.2,https://www.cardmarket.com/es/Magic/Products/Singles/Scars-of-Mirrodin/Nihil-Spellbomb?sellerCountry=10,,0.2,Pool,,,,,
Extracción Quirúrgica,ES,,1,Nueva Phyrexia,NM,17,https://www.cardmarket.com/es/Magic/Products/Singles/New-Phyrexia/Surgical-Extraction?sellerCountry=10,,17,Pool,,,,,
Stirring Wildwood,EN,,1,Worldwake,NM,0.4,https://www.cardmarket.com/es/Magic/Products/Singles/Worldwake/Stirring-Wildwood?sellerCountry=10,,0.4,Red Box,,,,,
Overgrown Tomb,EN,,1,Gremios de Rávnica,NM,6.5,https://www.cardmarket.com/es/Magic/Products/Singles/Guilds-of-Ravnica/Overgrown-Tomb?sellerCountry=10,,6.5,Red Box,,,,,
Aldea en las copas,ES,,1,El legado de Urza,LP,0.5,https://www.cardmarket.com/es/Magic/Products/Singles/Urzas-Legacy/Treetop-Village?sellerCountry=10,,0.5,Red Box,,,,,
Esfinge de los misterios,ES,,1,Magic 2020,NM,0.2,https://www.cardmarket.com/es/Magic/Products/Singles/Core-2019/Riddlemaster-Sphinx?sellerCountry=10,,0.2,Red Box,,,,,
Blood Tribute,EN,,1,Zendikar,NM,0.2,https://www.cardmarket.com/es/Magic/Products/Singles/Zendikar/Blood-Tribute?sellerCountry=10,,0.2,Red Box,,,,,
Monje Guerrero Rhox,ES,,3,Shards of Alara,NM,0.2,https://www.cardmarket.com/es/Magic/Products/Singles/Shards-of-Alara/Rhox-War-Monk?sellerCountry=10,,0.6,Red Box,,,,,
Smoldering Marsh,EN,,1,La batalla por Zendikar,NM,1,https://www.cardmarket.com/es/Magic/Products/Singles/Battle-for-Zendikar/Smoldering-Marsh?sellerCountry=10,,1,Red Box,,,,,
Castle Vantress,EN,,1,Throne of Eldraine,NM,0.75,https://www.cardmarket.com/es/Magic/Products/Singles/Throne-of-Eldraine/Castle-Vantress?sellerCountry=10,,0.75,Red Box,,,,,
Cruzado Mirrodiano,ES,Sí,1,Buy a Box Promos,NM,1.5,https://www.cardmarket.com/es/Magic/Products/Singles/Buy-a-Box-Promos/Mirran-Crusader?sellerCountry=10&isFoil=Y,,1.5,Red Box,,,,,
Titán Solar,ES,,1,Magic 2012,NM,1,https://www.cardmarket.com/es/Magic/Products/Singles/Magic-2012/Sun-Titan?sellerCountry=10,,1,Red Box,,,,,
Titán Solar,EN,,1,Magic 2011,NM,1,https://www.cardmarket.com/es/Magic/Products/Singles/Magic-2011/Sun-Titan?sellerCountry=10,,1,Red Box,,,,,
Última tentativa de Bontu,ES,,3,La hora de la devastación,NM,1,https://www.cardmarket.com/es/Magic/Products/Singles/Hour-of-Devastation/Bontu-s-Last-Reckoning?sellerCountry=10,,3,Red Box,,,,,
Feast of Blood,ES,,1,Zendikar,NM ,0.2,https://www.cardmarket.com/es/Magic/Products/Singles/Zendikar/Feast-of-Blood?sellerCountry=10,,0.2,Red Box,,,,,
Blade of the Bloodchief ,EN,,3,Zendikar,NM,0.9,https://www.cardmarket.com/es/Magic/Products/Singles/Zendikar/Blade-of-the-Bloodchief?sellerCountry=10,,2.7,Red Box,,,,,
Blade of the Bloodchief ,ES,,1,Zendikar,NM,0.9,https://www.cardmarket.com/es/Magic/Products/Singles/Zendikar/Blade-of-the-Bloodchief?sellerCountry=10,,0.9,Red Box,,,,,
Scute Mob,EN,,1,Zendikar,NM,0.25,https://www.cardmarket.com/es/Magic/Products/Singles/Zendikar/Scute-Mob?sellerCountry=10,,0.25,Red Box,,,,,
Lifecrafter's Bestiary,EN,,1,La revuelta del éter,NM,0.5,https://www.cardmarket.com/es/Magic/Products/Singles/Aether-Revolt/Lifecrafter-s-Bestiary?sellerCountry=10,,0.5,Red Box,,,,,
Waste Not,EN,,2,Magic 2015,NM,13.5,https://www.cardmarket.com/es/Magic/Products/Singles/Magic-2015/Waste-Not?sellerCountry=10,,27,Red Box,,,,,
Waste Not,ES,,2,Magic 2015,NM,13.5,https://www.cardmarket.com/es/Magic/Products/Singles/Magic-2015/Waste-Not?sellerCountry=10,,27,Red Box,,,,,
Cumbre Cráneo de Dragón,ES,,1,Magic 2011,EX,2.5,https://www.cardmarket.com/es/Magic/Products/Singles/Magic-2011/Dragonskull-Summit?sellerCountry=10,,2.5,Red Box,,,,,
Señor sangriento de Vaasgoth,ES,,1,Prerelease Promos,NM,0.4,https://www.cardmarket.com/es/Magic/Products/Singles/Prerelease-Promos/Bloodlord-of-Vaasgoth?sellerCountry=10,,0.4,Red Box,,,,,
Demon of Death's Gate,EN,,1,Magic 2011,NM,3,https://www.cardmarket.com/es/Magic/Products/Singles/Magic-2011/Demon-of-Death-s-Gate?sellerCountry=10,,3,Red Box,,,,,
Consuming Vapors,EN,,4,Levantamiento de los Eldrazi,NM,0.2,https://www.cardmarket.com/es/Magic/Products/Singles/Rise-of-the-Eldrazi/Consuming-Vapors?sellerCountry=10,,0.8,Red Box,,,,,
Memoricidio,ES,,3,Cicatrices de Mirrodin,NM,0.15,https://www.cardmarket.com/es/Magic/Products/Singles/Scars-of-Mirrodin/Memoricide?sellerCountry=10,,0.45,Red Box,,,,,
Sadistic Sacrament,EN,,2,Zendikar,NM,0.5,https://www.cardmarket.com/es/Magic/Products/Singles/Zendikar/Sadistic-Sacrament?sellerCountry=10,,1,Red Box,,,,,
Sadistic Sacrament,ES,,2,Zendikar,NM,0.5,https://www.cardmarket.com/es/Magic/Products/Singles/Zendikar/Sadistic-Sacrament?sellerCountry=10,,1,Red Box,,,,,
Shrieking Affliction,EN,,1,Vuelta a Ravnica,NM,0.7,https://www.cardmarket.com/es/Magic/Products/Singles/Return-to-Ravnica/Shrieking-Affliction?sellerCountry=10,,0.7,Red Box,,,,,
Preeminent Captain,ES,,1,Alborada,NM,0.5,https://www.cardmarket.com/es/Magic/Products/Singles/Morningtide/Preeminent-Captain?sellerCountry=10,,0.5,Red Box,,,,,
Knight Exemplar,EN,,1,Magic 2011,NM,8,https://www.cardmarket.com/es/Magic/Products/Singles/Magic-2011/Knight-Exemplar?sellerCountry=10,,8,Red Box,,,,,
Nyxathid,EN,,3,Conflux,NM,0.5,https://www.cardmarket.com/es/Magic/Products/Singles/Conflux/Nyxathid?sellerCountry=10,,1.5,Red Box,,,,,
Nyxathid,ES,,1,Conflux,NM,0.5,https://www.cardmarket.com/es/Magic/Products/Singles/Conflux/Nyxathid?sellerCountry=10,,0.5,Red Box,,,,,
Caballero blanco,EN,,1,Magic 2011,NM,0.05,https://www.cardmarket.com/es/Magic/Products/Singles/Magic-2011/White-Knight?sellerCountry=10,,0.05,Red Box,,,,,
Caballero blanco,ES,,1,Magic 2011,NM,0.05,https://www.cardmarket.com/es/Magic/Products/Singles/Magic-2011/White-Knight?sellerCountry=10,,0.05,Red Box,,,,,
Delirium Skeins,EN,,3,Modern Masters 2017,NM,0.05,https://www.cardmarket.com/es/Magic/Products/Singles/Modern-Masters-2017/Delirium-Skeins,,0.15,Red Box,,,,,
Wrench Mind,EN,,2,Mirrodin,NM,0.05,https://www.cardmarket.com/es/Magic/Products/Singles/Mirrodin/Wrench-Mind,,0.1,Red Box,,,,,
Deadlock Trap,EN,,1,Kaladesh,NM,0.05,https://www.cardmarket.com/es/Magic/Products/Singles/Kaladesh/Deadlock-Trap,,0.05,Red Box,,,,,
Mobile Garrison,EN,,1,La revuelta del éter,NM,0.05,https://www.cardmarket.com/es/Magic/Products/Singles/Aether-Revolt/Mobile-Garrison?sellerCountry=10,,0.05,Red Box,,,,,
Terastodon,EN,,1,Worldwake,NM,0.2,https://www.cardmarket.com/es/Magic/Products/Singles/Worldwake/Terastodon?sellerCountry=10,,0.2,Red Box,,,,,
Phyrexian Negator,EN,,2,Duel Decks: Phyrexia vs. The Coalition,NM,3.5,https://www.cardmarket.com/es/Magic/Products/Singles/Duel-Decks-Phyrexia-vs-The-Coalition/Phyrexian-Negator?sellerCountry=10,,7,Red Box,,,,,
Marca Mortal,ES,,1,Magic 2011,NM,0.05,https://www.cardmarket.com/es/Magic/Products/Singles/Magic-2011/Deathmark?sellerCountry=10,,0.05,Red Box,,,,,
Marca Mortal,EN,,1,Magic 2011,NM,0.05,https://www.cardmarket.com/es/Magic/Products/Singles/Magic-2011/Deathmark?sellerCountry=10,,0.05,Red Box,,,,,
Mind Rot,EN,,1,Magic 2013,NM,0.05,https://www.cardmarket.com/es/Magic/Products/Singles/Magic-2011/Mind-Rot?sellerCountry=10,,0.05,Red Box,,,,,
Báloths Impetuosos,ES,,1,Zendikar,NM,0.6,https://www.cardmarket.com/es/Magic/Products/Singles/Zendikar/Rampaging-Baloths?sellerCountry=10,,0.6,Red Box,,,,,
Biessence Hydra,EN,,1,La Guerra de la Chispa,NM,0.15,https://www.cardmarket.com/es/Magic/Products/Singles/War-of-the-Spark/Bioessence-Hydra?sellerCountry=10,,0.15,Red Box,,,,,
Cruzada,ES,,2,Duel Decks: Elspeth vs. Tezzeret,NM,0.15,https://www.cardmarket.com/es/Magic/Products/Singles/Duel-Decks-Elspeth-vs-Tezzeret/Crusade?sellerCountry=10,,0.3,Red Box,,,,,
"Elspeth, Caballero Errante",ES,,1,Duel Decks: Elspeth vs. Tezzeret,NM,2,https://www.cardmarket.com/es/Magic/Products/Singles/Duel-Decks-Elspeth-vs-Tezzeret/Elspeth-KnightErrant?sellerCountry=10,,2,Red Box,,,,,
Rhox Pikemaster,EN,,1,Magic 2010,NM,0.1,https://www.cardmarket.com/es/Magic/Products/Singles/Magic-2010/Rhox-Pikemaster?sellerCountry=10,,0.1,Red Box,,,,,
El honor de los puros,ES,,1,Magic 2011,NM,0.6,https://www.cardmarket.com/es/Magic/Products/Singles/Magic-2011/Honor-of-the-Pure?sellerCountry=10,,0.6,Red Box,,,,,
Ajani's Pridemate,EN,,1,Magic 2011,NM,0.06,https://www.cardmarket.com/es/Magic/Products/Singles/Magic-2011/Ajani-s-Pridemate?sellerCountry=10,,0.06,Red Box,,,,,
Ángel de Salvación,ES,Sí,1,Visión del Futuro,NM,1.5,https://www.cardmarket.com/es/Magic/Products/Singles/Future-Sight/Angel-of-Salvation?sellerCountry=10&isFoil=Y,,1.5,Red Box,,,,,
Ángel de Salvación,ES,,1,Duel Decks: Elspeth vs. Tezzeret,NM,0.1,https://www.cardmarket.com/es/Magic/Products/Singles/Duel-Decks-Elspeth-vs-Tezzeret/Angel-of-Salvation?sellerCountry=10,,0.1,Red Box,,,,,
Mikaeus the Lunarch,EN,Sí,1,Innistrad,NM,7,https://www.cardmarket.com/es/Magic/Products/Singles/Innistrad/Mikaeus-the-Lunarch?sellerCountry=10&isFoil=Y,,7,Red Box,,,,,
"Legion's Landing // Adanto, the First Fort",EN,,2,Ixalan,NM,1.5,https://www.cardmarket.com/es/Magic/Products/Singles/Ixalan/Legions-Landing-Adanto-the-First-Fort?sellerCountry=10,,3,Red Box,,,,,
Dauntless Bodyguard,EN,,1,Dominaria,NM,0.05,https://www.cardmarket.com/es/Magic/Products/Singles/Dominaria/Dauntless-Bodyguard?sellerCountry=10,,0.05,Red Box,,,,,
Adanto Vanguard,EN,,2,Ixalan,NM,0.05,https://www.cardmarket.com/es/Magic/Products/Singles/Ixalan/Adanto-Vanguard?sellerCountry=10,,0.1,Red Box,,,,,
Conclave Tribunal,EN,,3,Gremios de Rávnica,NM,0.05,https://www.cardmarket.com/es/Magic/Products/Singles/Guilds-of-Ravnica/Conclave-Tribunal?sellerCountry=10,,0.15,Red Box,,,,,
Pride of Conquerors,EN,,3,Rivales de Ixalan,NM,0.05,https://www.cardmarket.com/es/Magic/Products/Singles/Rivals-of-Ixalan/Pride-of-Conquerors?sellerCountry=10,,0.15,Red Box,,,,,
Liliana Vess,EN,,1,Magic 2010,NM,5,https://www.cardmarket.com/es/Magic/Products/Singles/Magic-2010/Liliana-Vess?sellerCountry=10,,5,Red Box,,,,,
Progenitus,EN,,1,Grand Prix Promos,NM,3.5,https://www.cardmarket.com/es/Magic/Products/Singles/Grand-Prix-Promos/Progenitus?sellerCountry=10,,3.5,Red Box,,,,,
Primalcrux ,EN,,4,Crepúsculo,EX,3.5,https://www.cardmarket.com/es/Magic/Products/Singles/Eventide/Primalcrux?sellerCountry=10,,14,Red Box,,,,,
Predatory Urge,EN,,1,Zendikar,NM,0.1,https://www.cardmarket.com/es/Magic/Products/Singles/Zendikar/Predatory-Urge?sellerCountry=10,,0.1,Red Box,,,,,
Garruk Wildspeaker,EN,,1,Commander,NM,3.5,https://www.cardmarket.com/es/Magic/Products/Singles/Commander/Garruk-Wildspeaker?sellerCountry=10,,3.5,Red Box,,,,,
Venganza de Gaia,ES,,1,Magic 2011,NM,0.35,https://www.cardmarket.com/es/Magic/Products/Singles/Magic-2011/Gaea-s-Revenge?sellerCountry=10,,0.35,Red Box,,,,,
"Jaya, Venerated Firemage",EN,,1,La Guerra de la Chispa,NM,0.05,https://www.cardmarket.com/es/Magic/Products/Singles/War-of-the-Spark/Jaya-Venerated-Firemage?sellerCountry=10,,0.05,Red Box,,,,,
Overwhelming Stampede,EN,,2,Magic 2011,NM,0.4,https://www.cardmarket.com/es/Magic/Products/Singles/Magic-2011/Overwhelming-Stampede?sellerCountry=10,,0.8,Red Box,,,,,
Overwhelming Stampede,ES,,2,Magic 2011,NM,0.4,https://www.cardmarket.com/es/Magic/Products/Singles/Magic-2011/Overwhelming-Stampede?sellerCountry=10,,0.8,Red Box,,,,,
Mitotic Slime,EN,,4,Magic 2011,NM,0.15,https://www.cardmarket.com/es/Magic/Products/Singles/Magic-2011/Mitotic-Slime?sellerCountry=10,,0.6,Red Box,,,,,
Trampa Invocadora,EN,,2,Zendikar,NM,0.15,https://www.cardmarket.com/es/Magic/Products/Singles/Zendikar/Summoning-Trap?sellerCountry=10,,0.3,Red Box,,,,,
Trampa Invocadora,ES,,2,Zendikar,NM,0.15,https://www.cardmarket.com/es/Magic/Products/Singles/Zendikar/Summoning-Trap?sellerCountry=10,,0.3,Red Box,,,,,
Ver lo no escrito,ES,,4,Khans of Tarkir,NM,0.35,https://www.cardmarket.com/es/Magic/Products/Singles/Khans-of-Tarkir/See-the-Unwritten?sellerCountry=10,,1.4,Red Box,,,,,
Ascetismo,EN,,1,Cicatrices de Mirrodin,NM,5.5,https://www.cardmarket.com/es/Magic/Products/Singles/Scars-of-Mirrodin/Asceticism?sellerCountry=10,,5.5,Red Box,,,,,
Ascetismo,ES,,1,Cicatrices de Mirrodin,NM,5.5,https://www.cardmarket.com/es/Magic/Products/Singles/Scars-of-Mirrodin/Asceticism?sellerCountry=10,,5.5,Red Box,,,,,
Hidra de Khalni,EN,,2,Levantamiento de los Eldrazi,EX,9,https://www.cardmarket.com/es/Magic/Products/Singles/Rise-of-the-Eldrazi/Khalni-Hydra?sellerCountry=10,,18,Red Box,,,,,
Hidra de Khalni,ES,,1,Levantamiento de los Eldrazi,EX,8.5,https://www.cardmarket.com/es/Magic/Products/Singles/Rise-of-the-Eldrazi/Khalni-Hydra?sellerCountry=10,,8.5,Red Box,,,,,
Corrosión Reptante,ES,,2,Mirrodin sitiado,NM,0.25,https://www.cardmarket.com/es/Magic/Products/Singles/Mirrodin-Besieged/Creeping-Corrosion?sellerCountry=10,,0.5,Red Box,,,,,
Lost Legacy,EN,,2,Kaladesh,NM,0.1,https://www.cardmarket.com/es/Magic/Products/Singles/Kaladesh/Lost-Legacy?sellerCountry=10,,0.2,Red Box,,,,,
"Vraska, Relic Seeker",EN,,1,Ixalan,NM,0.95,https://www.cardmarket.com/es/Magic/Products/Singles/Ixalan/Vraska-Relic-Seeker?sellerCountry=10,,0.95,Red Box,,,,,
Hidra Proteica,ES,Sí,1,Magic 2011,NM,2,https://www.cardmarket.com/es/Magic/Products/Singles/Magic-2011/Protean-Hydra?sellerCountry=10,,2,Red Box,,,,,
Hidra Proteica,ES,,1,Magic 2011,NM,1,https://www.cardmarket.com/es/Magic/Products/Singles/Magic-2011/Protean-Hydra?sellerCountry=10,,1,Red Box,,,,,
Phyrexian Unlife,EN,,1,Nueva Phyrexia,NM,2.5,https://www.cardmarket.com/es/Magic/Products/Singles/New-Phyrexia/Phyrexian-Unlife?sellerCountry=10,,2.5,Red Box,,,,,
Ángel Caprichoso,ES,,1,Odisea,NM,0.4,https://www.cardmarket.com/es/Magic/Products/Singles/Odyssey/Wayward-Angel?sellerCountry=10,,0.4,Red Box,,,,,
Alerta del explorador,ES,,1,Visión del Futuro,NM,0.5,https://www.cardmarket.com/es/Magic/Products/Singles/Future-Sight/Scout-s-Warning?sellerCountry=10,,0.5,Red Box,,,,,
Derrota de Gideon,ES,,1,La hora de la devastación,NM,0.15,https://www.cardmarket.com/es/Magic/Products/Singles/Hour-of-Devastation/Gideon-s-Defeat?sellerCountry=10&isFoil=Y,,0.15,Red Box,,,,,
Soberano de la Manada,ES,,1,La hora de la devastación,NM,0.4,https://www.cardmarket.com/es/Magic/Products/Singles/Hour-of-Devastation/Pride-Sovereign?sellerCountry=10,,0.4,Red Box,,,,,
Rites of Flourishing,EN,,1,Magic 2012,NM,0.3,https://www.cardmarket.com/es/Magic/Products/Singles/Magic-2012/Rites-of-Flourishing?sellerCountry=10,,0.3,Red Box,,,,,
Essence of the Wild,EN,,1,Innistrad,NM,0.35,https://www.cardmarket.com/es/Magic/Products/Singles/Innistrad/Essence-of-the-Wild?sellerCountry=10,,0.35,Red Box,,,,,
Elemental de espinas,ES,Sí,1,Séptima Edición,NM,0.5,https://www.cardmarket.com/es/Magic/Products/Singles/Seventh-Edition/Thorn-Elemental?sellerCountry=10&isFoil=Y,,0.5,Red Box,,,,,
Elemental de espinas,ES,,1,El destino de Urza,NM,0.95,https://www.cardmarket.com/es/Magic/Products/Singles/Urzas-Destiny/Thorn-Elemental?sellerCountry=10,,0.95,Red Box,,,,,
Ola de Génesis,ES,,1,Cicatrices de Mirrodin,NM,2.5,https://www.cardmarket.com/es/Magic/Products/Singles/Scars-of-Mirrodin/Genesis-Wave?sellerCountry=10,,2.5,Red Box,,,,,
Ola de Génesis,EN,,1,Cicatrices de Mirrodin,NM,3.5,https://www.cardmarket.com/es/Magic/Products/Singles/Scars-of-Mirrodin/Genesis-Wave?sellerCountry=10,,3.5,Red Box,,,,,
Kalonian Behemoth,EN,,2,Magic 2010,NM,0.2,https://www.cardmarket.com/es/Magic/Products/Singles/Magic-2010/Kalonian-Behemoth?sellerCountry=10,,0.4,Red Box,,,,,
Archon of Redemption,EN,,1,Worldwake,NM,0.1,https://www.cardmarket.com/es/Magic/Products/Singles/Worldwake/Archon-of-Redemption,,0.1,Red Box,,,,,
Dearly Departed,EN,,1,Innistrad,NM,0.05,https://www.cardmarket.com/es/Magic/Products/Singles/Innistrad/Dearly-Departed,,0.05,Red Box,,,,,
Espectro Hipnótico,ES,,1,Novena Edición,NM,0.6,https://www.cardmarket.com/es/Magic/Products/Singles/Ninth-Edition/Hypnotic-Specter,,0.6,Red Box,,,,,
Espectro Hipnótico,EN,,2,Cuarta edición,EX,0.5,https://www.cardmarket.com/es/Magic/Products/Singles/Fourth-Edition/Hypnotic-Specter,,1,Red Box,,,,,
Kruin Outlaw / Terror of Kruin Pass,EN,,1,Innistrad,NM,0.35,https://www.cardmarket.com/es/Magic/Products/Singles/Innistrad/Kruin-Outlaw-Terror-of-Kruin-Pass?sellerCountry=10,,0.35,Red Box,,,,,
Carne Fresca,ES,,1,Nueva Phyrexia,NM,0.15,https://www.cardmarket.com/es/Magic/Products/Singles/New-Phyrexia/Fresh-Meat?sellerCountry=10,,0.15,Red Box,,,,,
Creeping Renaissance,EN,,1,Innistrad,NM,0.1,https://www.cardmarket.com/es/Magic/Products/Singles/Innistrad/Creeping-Renaissance?sellerCountry=10,,0.1,Red Box,,,,,
Narrador del Bosque Alma,ES,,1,Visión del Futuro,NM,1.5,https://www.cardmarket.com/es/Magic/Products/Singles/Future-Sight/Heartwood-Storyteller?sellerCountry=10,,1.5,Red Box,,,,,
Guardabosque de Madera Torcida,ES,Sí,1,Zendikar,NM,0.5,https://www.cardmarket.com/es/Magic/Products/Singles/Zendikar/Turntimber-Ranger?sellerCountry=10,,0.5,Red Box,,,,,
Elemental de Raíz,ES,,1,Root Elemental,NM,0.05,https://www.cardmarket.com/es/Magic/Products/Singles/Scourge/Root-Elemental?sellerCountry=10,,0.05,Red Box,,,,,
Ezuri's Brigade,EN,Sí,1,Cicatrices de Mirrodin,NM,0.5,https://www.cardmarket.com/es/Magic/Products/Singles/Scars-of-Mirrodin/Ezuri-s-Brigade?sellerCountry=10,,0.5,Red Box,,,,,
Hedron-Field Purists,EN,,1,Levantamiento de los Eldrazi,NM,0.15,https://www.cardmarket.com/es/Magic/Products/Singles/Rise-of-the-Eldrazi/Hedron-Field-Purists?sellerCountry=10,,0.15,Red Box,,,,,
Renacimiento Pirexiano,ES,,1,Mirrodin Sitiado,NM,0.2,https://www.cardmarket.com/es/Magic/Products/Singles/Mirrodin-Besieged/Phyrexian-Rebirth?sellerCountry=10,,0.2,Red Box,,,,,
Open the Vaults,EN,,1,Magic 2010,NM,0.75,https://www.cardmarket.com/es/Magic/Products/Singles/Magic-2010/Open-the-Vaults?sellerCountry=10,,0.75,Red Box,,,,,
Talus Paladin,EN,,1,Worldwake,NM,0.4,https://www.cardmarket.com/es/Magic/Products/Singles/Worldwake/Talus-Paladin?sellerCountry=10,,0.4,Red Box,,,,,
Lightwielder Paladin,EN,,1,Magic 2010,NM,0.15,https://www.cardmarket.com/es/Magic/Products/Singles/Magic-2010/Lightwielder-Paladin?sellerCountry=10,,0.15,Red Box,,,,,
World Queller,EN,,1,Zendikar,NM,0.15,https://www.cardmarket.com/es/Magic/Products/Singles/Zendikar/World-Queller?sellerCountry=10,,0.15,Red Box,,,,,
Manto Celestial,ES,,1,Zendikar,NM,0.5,https://www.cardmarket.com/es/Magic/Products/Singles/Zendikar/Celestial-Mantle?sellerCountry=10,,0.5,Red Box,,,,,
Promesa del Conquistador,ES,,1,Zendikar,NM,0.15,https://www.cardmarket.com/es/Magic/Products/Singles/Zendikar/Conqueror-s-Pledge?sellerCountry=10,,0.15,Red Box,,,,,
Nomads' Assembly,EN,,1,Levantamiento de los Eldrazi,NM,0.15,https://www.cardmarket.com/es/Magic/Products/Singles/Rise-of-the-Eldrazi/Nomads-Assembly?sellerCountry=10,,0.15,Red Box,,,,,
Misionero de Kabira,ES,,1,Zendikar,NM,0.35,https://www.cardmarket.com/es/Magic/Products/Singles/Zendikar/Kabira-Evangel?sellerCountry=10,,0.35,Red Box,,,,,
Day of Judgment,EN,,1,Zendikar,NM,1,https://www.cardmarket.com/es/Magic/Products/Singles/Zendikar/Day-of-Judgment?sellerCountry=10,,1,Red Box,,,,,
Admonition Angel,EN,,1,Worldwake,NM,2.25,https://www.cardmarket.com/es/Magic/Products/Singles/Worldwake/Admonition-Angel?sellerCountry=10,,2.25,Red Box,,,,,
Luminarch Ascension,EN,,1,Zendikar,NM,2.5,https://www.cardmarket.com/es/Magic/Products/Singles/Zendikar/Luminarch-Ascension?sellerCountry=10,,2.5,Red Box,,,,,
Aegis Angel,EN,,1,Magic 2012,NM,0.15,https://www.cardmarket.com/es/Magic/Products/Singles/Magic-2012/Aegis-Angel?sellerCountry=10,,0.15,Red Box,,,,,
Reacción en Cadena,ES,,1,Worldwake,NM,0.2,https://www.cardmarket.com/es/Magic/Products/Singles/Worldwake/Chain-Reaction?sellerCountry=10,,0.2,Red Box,,,,,
Reacción en Cadena,EN,,2,Worldwake,NM,0.2,https://www.cardmarket.com/es/Magic/Products/Singles/Worldwake/Chain-Reaction?sellerCountry=10,,0.4,Red Box,,,,,
Hound of Griselbrand,EN,,1,Avacyn Restored,NM,0.15,https://www.cardmarket.com/es/Magic/Products/Singles/Avacyn-Restored/Hound-of-Griselbrand?sellerCountry=10,,0.15,Red Box,,,,,
Frenesí Fatal,ES,,1,Caos planar,NM,0.1,https://www.cardmarket.com/es/Magic/Products/Singles/Planar-Chaos/Fatal-Frenzy?sellerCountry=10,,0.1,Red Box,,,,,
Canciller de la Fragua,ES,,1,Nueva Phyrexia,NM,0.4,https://www.cardmarket.com/es/Magic/Products/Singles/New-Phyrexia/Chancellor-of-the-Forge?sellerCountry=10,,0.4,Red Box,,,,,
Parásito Invasor,ES,,1,Nueva Phyrexia,NM,0.15,https://www.cardmarket.com/es/Magic/Products/Singles/New-Phyrexia/Invader-Parasite?sellerCountry=10,,0.15,Red Box,,,,,
Pasar del Piromante,ES,,1,Visión del Futuro,NM,0.2,https://www.cardmarket.com/es/Magic/Products/Singles/Future-Sight/Pyromancer-s-Swath?sellerCountry=10,,0.2,Red Box,,,,,
Eterno Ammit,ES,,1,La hora de la devastación,NM,0.15,https://www.cardmarket.com/es/Magic/Products/Singles/Hour-of-Devastation/Ammit-Eternal?sellerCountry=10,,0.15,Red Box,,,,,
Demonio Carnificador,ES,Sí,1,Cicatrices de Mirrodin,NM,0.5,https://www.cardmarket.com/es/Magic/Products/Singles/Scars-of-Mirrodin/Carnifex-Demon?sellerCountry=10&isFoil=Y,,0.5,Red Box,,,,,
Demonio Carnificador,ES,,2,Cicatrices de Mirrodin,NM,0.25,https://www.cardmarket.com/es/Magic/Products/Singles/Scars-of-Mirrodin/Carnifex-Demon?sellerCountry=10,,0.5,Red Box,,,,,
Demonio Carnificador,EN,,1,Cicatrices de Mirrodin,NM,0.25,https://www.cardmarket.com/es/Magic/Products/Singles/Scars-of-Mirrodin/Carnifex-Demon?sellerCountry=10,,0.25,Red Box,,,,,
Canciller del Dros,ES,,1,Nueva Phyrexia,NM,0.25,https://www.cardmarket.com/es/Magic/Products/Singles/New-Phyrexia/Chancellor-of-the-Dross?sellerCountry=10,,0.25,Red Box,,,,,
Sombra nantuko,ES,,2,Magic 2011,NM,0.2,https://www.cardmarket.com/es/Magic/Products/Singles/Magic-2011/Nantuko-Shade?sellerCountry=10,,0.4,Red Box,,,,,
Quest for the Nihil Stone,EN,,2,Worldwake,NM,1.8,https://www.cardmarket.com/es/Magic/Products/Singles/Worldwake/Quest-for-the-Nihil-Stone?sellerCountry=10,,3.6,Red Box,,,,,
Xathrid Demon,EN,,1,Magic 2010,NM,0.5,https://www.cardmarket.com/es/Magic/Products/Singles/Magic-2010/Xathrid-Demon?sellerCountry=10,,0.5,Red Box,,,,,
Bala Ged Thief,EN,,1,Zendikar,NM,0.2,https://www.cardmarket.com/es/Magic/Products/Singles/Zendikar/Bala-Ged-Thief?sellerCountry=10,,0.2,Red Box,,,,,
Pestilence Demon,EN,,1,Levantamiento de los Eldrazi,NM,0.25,https://www.cardmarket.com/es/Magic/Products/Singles/Rise-of-the-Eldrazi/Pestilence-Demon?sellerCountry=10,,0.25,Red Box,,,,,
Halo Hunter,EN,,1,Zendikar,NM,0.15,https://www.cardmarket.com/es/Magic/Products/Singles/Zendikar/Halo-Hunter?sellerCountry=10,,0.15,Red Box,,,,,
Haunting Echoes,EN,,1,Magic 2010,NM,0.2,https://www.cardmarket.com/es/Magic/Products/Singles/Magic-2010/Haunting-Echoes?sellerCountry=10,,0.2,Red Box,,,,,
Ocultista de Agadeem,EN,,1,Worldwake,NM,0.3,https://www.cardmarket.com/es/Magic/Products/Singles/Worldwake/Agadeem-Occultist?sellerCountry=10,,0.3,Red Box,,,,,
"Ob Nixilis, the Fallen",EN,,2,Zendikar,NM,6.5,https://www.cardmarket.com/es/Magic/Products/Singles/Zendikar/Ob-Nixilis-the-Fallen?sellerCountry=10,,13,Red Box,,,,,
"Ob Nixilis, the Fallen",ES,,1,Zendikar,NM,6.5,https://www.cardmarket.com/es/Magic/Products/Singles/Zendikar/Ob-Nixilis-the-Fallen?sellerCountry=10,,6.5,Red Box,,,,,
Dark Impostor,EN,,1,Avacyn Restored,NM,0.3,https://www.cardmarket.com/es/Magic/Products/Singles/Avacyn-Restored/Dark-Impostor?sellerCountry=10,,0.3,Red Box,,,,,
Plaga Necrótica,ES,,1,Magic 2011,NM,0.2,https://www.cardmarket.com/es/Magic/Products/Singles/Magic-2011/Necrotic-Plague?sellerCountry=10,,0.2,Red Box,,,,,
Curse of Death's Hold,EN,,1,Innistrad,NM,0.2,https://www.cardmarket.com/es/Magic/Products/Singles/Innistrad/Curse-of-Death-s-Hold?sellerCountry=10,,0.2,Red Box,,,,,
Necroplasma,ES,,1,Rávnica: Ciudad de Gremios,NM,0.2,https://www.cardmarket.com/es/Magic/Products/Singles/Ravnica-City-of-Guilds/Necroplasm?sellerCountry=10,,0.2,Red Box,,,,,
Death Pit Offering,EN,,1,Némesis,NM,0.4,https://www.cardmarket.com/es/Magic/Products/Singles/Nemesis/Death-Pit-Offering?sellerCountry=10,,0.4,Red Box,,,,,
Royal Assassin,EN,,2,Magic 2012,NM,0.4,https://www.cardmarket.com/es/Magic/Products/Singles/Magic-2012/Royal-Assassin?sellerCountry=10,,0.8,Red Box,,,,,
Unbreathing Horde,EN,,1,Innistrad,NM,0.4,https://www.cardmarket.com/es/Magic/Products/Singles/Innistrad/Unbreathing-Horde?sellerCountry=10,,0.4,Red Box,,,,,
Prueba Amarga,ES,,1,Visión del Futuro,NM,3.5,https://www.cardmarket.com/es/Magic/Products/Singles/Future-Sight/Bitter-Ordeal?sellerCountry=10,,3.5,Red Box,,,,,
Escarabajo Funerario,ES,,1,Levantamiento de los Eldrazi,NM,0.3,https://www.cardmarket.com/es/Magic/Products/Singles/Rise-of-the-Eldrazi/Mortician-Beetle?sellerCountry=10,,0.3,Red Box,,,,,
Sorin's Vengeance,EN,,1,Magic 2012,NM,0.5,https://www.cardmarket.com/es/Magic/Products/Singles/Magic-2012/Sorin-s-Vengeance?sellerCountry=10,,0.5,Red Box,,,,,
Sever the Bloodline,EN,,1,Innistrad,NM,0.15,https://www.cardmarket.com/es/Magic/Products/Singles/Innistrad/Sever-the-Bloodline?sellerCountry=10,,0.15,Red Box,,,,,
Évincar Predominante,ES,,1,Décima Edición,NM,0.5,https://www.cardmarket.com/es/Magic/Products/Singles/Tenth-Edition/Ascendant-Evincar?sellerCountry=10,,0.5,Red Box,,,,,
Cenit del sol azul,ES,,1,Mirrodin Sitiado,NM,1,https://www.cardmarket.com/es/Magic/Products/Singles/Mirrodin-Besieged/Blue-Sun-s-Zenith?sellerCountry=10,,1,Red Box,,,,,
Twincast,EN,,1,Magic 2010,NM,3,https://www.cardmarket.com/es/Magic/Products/Singles/Magic-2010/Twincast?sellerCountry=10,,3,Red Box,,,,,
Tezzeret el buscador,ES,Sí,1,Duel Decks: Elspeth vs. Tezzeret,NM,2.5,https://www.cardmarket.com/es/Magic/Products/Singles/Duel-Decks-Elspeth-vs-Tezzeret/Tezzeret-the-Seeker?sellerCountry=10,,2.5,Red Box,,,,,
Inteligencia de enjambre,ES,,1,La hora de la devastación,NM,0.15,https://www.cardmarket.com/es/Magic/Products/Singles/Hour-of-Devastation/Swarm-Intelligence?sellerCountry=10,,0.15,Red Box,,,,,
Dissipation Field,EN,,1,Cicatrices de Mirrodin,NM,1,https://www.cardmarket.com/es/Magic/Products/Singles/Scars-of-Mirrodin/Dissipation-Field?sellerCountry=10,,1,Red Box,,,,,
Archivista de Jace,ES,,1,Magic 2012,NM,1.2,https://www.cardmarket.com/es/Magic/Products/Singles/Magic-2012/Jace-s-Archivist?sellerCountry=10,,1.2,Red Box,,,,,
Cirugía psíquica,ES,Sí,1,Nueva Phyrexia,NM,0.5,https://www.cardmarket.com/es/Magic/Products/Singles/New-Phyrexia/Psychic-Surgery?sellerCountry=10,,0.5,Red Box,,,,,
Lone Revenant,EN,,1,Avacyn Restored,NM,0.15,https://www.cardmarket.com/es/Magic/Products/Singles/Avacyn-Restored/Lone-Revenant?sellerCountry=10,,0.15,Red Box,,,,,
Tomar Posesión,ES,,1,Visión del Futuro,NM,0.2,https://www.cardmarket.com/es/Magic/Products/Singles/Future-Sight/Take-Possession?sellerCountry=10,,0.2,Red Box,,,,,
Tomar Posesión,IT,,1,Visión del Futuro,NM,0.2,https://www.cardmarket.com/es/Magic/Products/Singles/Future-Sight/Take-Possession?sellerCountry=10,,0.2,Red Box,,,,,
Rito de Replicación,ES,,1,Zendikar,NM,2.5,https://www.cardmarket.com/es/Magic/Products/Singles/Zendikar/Rite-of-Replication?sellerCountry=10,,2.5,Red Box,,,,,
Rito de Replicación,EN,,2,Zendikar,NM,2.5,https://www.cardmarket.com/es/Magic/Products/Singles/Zendikar/Rite-of-Replication?sellerCountry=10,,5,Red Box,,,,,
Esfinge del Acertijo,ES,Sí,1,Magic 2011,NM,0.2,https://www.cardmarket.com/es/Magic/Products/Singles/Magic-2011/Conundrum-Sphinx?sellerCountry=10,,0.2,Red Box,,,,,
Esfinge del Acertijo,EN,Sí,1,Magic 2011,NM,0.1,https://www.cardmarket.com/es/Magic/Products/Singles/Magic-2011/Conundrum-Sphinx?sellerCountry=10,,0.1,Red Box,,,,,
Selective Memory,EN,,2,Worldwake,NM,0.3,https://www.cardmarket.com/es/Magic/Products/Singles/Worldwake/Selective-Memory?sellerCountry=10,,0.6,Red Box,,,,,
Argent Sphinx,EN,,1,Cicatrices de Mirrodin,NM,0.4,https://www.cardmarket.com/es/Magic/Products/Singles/Scars-of-Mirrodin/Argent-Sphinx?sellerCountry=10,,0.4,Red Box,,,,,
Leviatán marea de tormenta,ES,,1,Magic 2011,NM,0.2,https://www.cardmarket.com/es/Magic/Products/Singles/Magic-2011/Stormtide-Leviathan?sellerCountry=10,,0.2,Red Box,,,,,
Quest for Ula's Temple,EN,,1,Worldwake,NM,3.5,https://www.cardmarket.com/es/Magic/Products/Singles/Worldwake/Quest-for-Ula-s-Temple?sellerCountry=10,,3.5,Red Box,,,,,
Mass Polymorph,EN,,1,Magic 2011,NM,0.2,https://www.cardmarket.com/es/Magic/Products/Singles/Magic-2011/Mass-Polymorph?sellerCountry=10,,0.2,Red Box,,,,,
Clon,ES,,1,Magic 2011,NM,0.2,https://www.cardmarket.com/es/Magic/Cards/Clone?sellerCountry=10,,0.2,Red Box,,,,,
Maestro de eterium,ES,,1,Duel Decks: Elspeth vs. Tezzeret,NM,1,https://www.cardmarket.com/es/Magic/Products/Singles/Duel-Decks-Elspeth-vs-Tezzeret/Master-of-Etherium?sellerCountry=10,,1,Red Box,,,,,
Roil Elemental,EN,,1,Zendikar,NM,7,https://www.cardmarket.com/es/Magic/Products/Singles/Zendikar/Roil-Elemental?sellerCountry=10,,7,Red Box,,,,,
Renegade Doppelganger,EN,,1,Levantamiento de los Eldrazi,NM,0.3,https://www.cardmarket.com/es/Magic/Products/Singles/Rise-of-the-Eldrazi/Renegade-Doppelganger?sellerCountry=10,,0.3,Red Box,,,,,
Myr Reservoir,EN,,1,Cicatrices de Mirrodin,NM,0.5,https://www.cardmarket.com/es/Magic/Products/Singles/Scars-of-Mirrodin/Myr-Reservoir?sellerCountry=10,,0.5,Red Box,,,,,
Péntavo,ES,,1,Duel Decks: Elspeth vs. Tezzeret,NM,0.1,https://www.cardmarket.com/es/Magic/Products/Singles/Duel-Decks-Elspeth-vs-Tezzeret/Pentavus?sellerCountry=10,,0.1,Red Box,,,,,
Latrocinio,ES,,1,Octava Edición,NM,0.1,https://www.cardmarket.com/es/Magic/Products/Singles/Eighth-Edition/Larceny,,0.1,Red Box,,,,,
Runechanter's Pike,EN,,1,Innistrad,NM,0.3,https://www.cardmarket.com/es/Magic/Products/Singles/Innistrad/Runechanter-s-Pike?sellerCountry=10,,0.3,Red Box,,,,,
Masticore melena de navajas,ES,,1,Duel Decks: Elspeth vs. Tezzeret,NM,0.1,https://www.cardmarket.com/es/Magic/Products/Singles/Duel-Decks-Elspeth-vs-Tezzeret/Razormane-Masticore,,0.1,Red Box,,,,,
Myr de Piedraimán,ES,,1,Mirrodin,NM,0.15,https://www.cardmarket.com/es/Magic/Products/Singles/Mirrodin/Lodestone-Myr?sellerCountry=10,,0.15,Red Box,,,,,
Látigo Eléctrico,ES,,3,Cicatrices de Mirrodin,NM,0.25,https://www.cardmarket.com/es/Magic/Products/Singles/Scars-of-Mirrodin/Livewire-Lash?sellerCountry=10,,0.75,Red Box,,,,,
Semblance Anvil,EN,,1,Cicatrices de Mirrodin,NM,3.5,https://www.cardmarket.com/es/Magic/Products/Singles/Scars-of-Mirrodin/Semblance-Anvil?sellerCountry=10,,3.5,Red Box,,,,,
Myr Propagator,EN,,1,Cicatrices de Mirrodin,NM,0.2,https://www.cardmarket.com/es/Magic/Products/Singles/Scars-of-Mirrodin/Myr-Propagator?sellerCountry=10,,0.2,Red Box,,,,,
Precursor Golem,EN,,1,Cicatrices de Mirrodin,NM,0.2,https://www.cardmarket.com/es/Magic/Products/Singles/Scars-of-Mirrodin/Precursor-Golem?sellerCountry=10,,0.2,Red Box,,,,,
Argentum Armor,EN,,1,Cicatrices de Mirrodin,NM,0.4,https://www.cardmarket.com/es/Magic/Products/Singles/Scars-of-Mirrodin/Argentum-Armor?sellerCountry=10,,0.4,Red Box,,,,,
Pattern of Rebirth,EN,,4,El destino de Urza,NM,2.5,https://www.cardmarket.com/es/Magic/Products/Singles/Urzas-Destiny/Pattern-of-Rebirth?sellerCountry=10,,10,Red Box,,,,,
Elvish Piper,EN,,2,Magic 2010,NM,3,https://www.cardmarket.com/es/Magic/Products/Singles/Magic-2010/Elvish-Piper?sellerCountry=10,,6,Red Box,,,,,
Elvish Piper,EN,,1,Séptima Edición,NM,3,https://www.cardmarket.com/es/Magic/Products/Singles/Seventh-Edition/Elvish-Piper?sellerCountry=10,,3,Red Box,,,,,
Anger of the Gods,EN,,2,Theros,NM,1,https://www.cardmarket.com/es/Magic/Products/Singles/Theros/Anger-of-the-Gods?sellerCountry=10,,2,Red Box,,,,,
Grove of the Burnwillows,EN,,1,Iconic Masters,NM,1,https://www.cardmarket.com/es/Magic/Products/Singles/Iconic-Masters/Grove-of-the-Burnwillows,,1,Red Box,,,,,
"Emrakul, the Aeons Torn",EN,Sí,2,Prerelease Promos,NM,25,https://www.cardmarket.com/es/Magic/Products/Singles/Prerelease-Promos/Emrakul-the-Aeons-Torn?sellerCountry=10,,50,Red Box,,,,,
"Emrakul, the Aeons Torn",EN,,1,Levantamiento de los Eldrazi,NM,30,https://www.cardmarket.com/es/Magic/Products/Singles/Rise-of-the-Eldrazi/Emrakul-the-Aeons-Torn?sellerCountry=10,,30,Red Box,,,,,
Esclavista Mental,ES,,1,Cicatrices de Mirrodin,NM,2,https://www.cardmarket.com/es/Magic/Products/Singles/Scars-of-Mirrodin/Mindslaver?sellerCountry=10,,2,Red Box,,,,,
Esclavista Mental,EN,,1,Cicatrices de Mirrodin,NM,2,https://www.cardmarket.com/es/Magic/Products/Singles/Scars-of-Mirrodin/Mindslaver?sellerCountry=10,,2,Red Box,,,,,
Cast Through Time,EN,,1,Levantamiento de los Eldrazi,NM,1.5,https://www.cardmarket.com/es/Magic/Products/Singles/Rise-of-the-Eldrazi/Cast-Through-Time?sellerCountry=10,,1.5,Red Box,,,,,
Monumento a Akroma,ES,,1,Visión del Futuro,NM,8,https://www.cardmarket.com/es/Magic/Products/Singles/Future-Sight/Akroma-s-Memorial?sellerCountry=10,,8,Red Box,,,,,
Archive Trap,EN,,1,Zendikar,NM,25,https://www.cardmarket.com/es/Magic/Products/Singles/Zendikar/Archive-Trap?sellerCountry=10,,25,Red Box,,,,,
Visiones del Más Allá,EN,,1,Magic 2012,NM,8,https://www.cardmarket.com/es/Magic/Products/Singles/Magic-2012/Visions-of-Beyond?sellerCountry=10,,8,Red Box,,,,,
Trampa del Archivo,ES,,1,Zendikar,NM,25,https://www.cardmarket.com/es/Magic/Products/Singles/Zendikar/Archive-Trap?sellerCountry=10,,25,Red Box,,,,,
Ascenso del Jefe de Sangre,ES,,2,Zendikar,NM,14,https://www.cardmarket.com/es/Magic/Products/Singles/Zendikar/Bloodchief-Ascension?sellerCountry=10,,28,Red Box,,,,,
Amulet of Vigor,EN,,1,Worldwake,NM,16,https://www.cardmarket.com/es/Magic/Products/Singles/Worldwake/Amulet-of-Vigor?sellerCountry=10,,16,Red Box,,,,,
"Davriel, Rogue Shadowmage",EN,,1,La Guerra de la Chispa,NM,0.15,https://www.cardmarket.com/es/Magic/Products/Singles/War-of-the-Spark/Davriel-Rogue-Shadowmage?sellerCountry=10,,0.15,Red Box,,,,,
Jefe de Guerra Trasgo,ES,,1,Azote,NM,0.3,https://www.cardmarket.com/es/Magic/Products/Singles/Scourge/Goblin-Warchief?sellerCountry=10,,0.3,Red Box,,,,,
Siege-Gang Commander,EN,,1,Magic 2010,NM,0.4,https://www.cardmarket.com/es/Magic/Products/Singles/Magic-2010/Siege-Gang-Commander?sellerCountry=10,,0.4,Red Box,,,,,
Deprive,EN,Sí,1,Levantamiento de los Eldrazi,NM,11.5,https://www.cardmarket.com/es/Magic/Products/Singles/Rise-of-the-Eldrazi/Deprive?sellerCountry=10&isFoil=Y,,11.5,Red Box,,,,,
Dragon's Claw,EN,,3,Magic 2010,NM,0.15,https://www.cardmarket.com/es/Magic/Products/Singles/Magic-2010/Dragon-s-Claw?sellerCountry=10,,0.45,Red Box,,,,,
Spreading Seas,EN,,3,Zendikar,NM,0.3,https://www.cardmarket.com/es/Magic/Products/Singles/Zendikar/Spreading-Seas?sellerCountry=10,,0.9,Red Box,,,,,
Spreading Seas,ES,,1,Zendikar,NM,0.3,https://www.cardmarket.com/es/Magic/Products/Singles/Zendikar/Spreading-Seas?sellerCountry=10,,0.3,Red Box,,,,,
Elfo Iridiscente,ES,,2,Innistrad,NM,0.6,https://www.cardmarket.com/es/Magic/Products/Singles/New-Phyrexia/Glistener-Elf?sellerCountry=10,,1.2,Red Box,,,,,
Expedition Map,EN,,3,Zendikar,NM,0.5,https://www.cardmarket.com/es/Magic/Products/Singles/Zendikar/Expedition-Map?sellerCountry=10,,1.5,Red Box,,,,,
Segador del Cementerio,EN,,2,Magic 2012,NM,1.5,https://www.cardmarket.com/es/Magic/Products/Singles/Magic-2012/Cemetery-Reaper?sellerCountry=10,,3,Red Box,,,,,
Segador del Cementerio,ES,,1,Magic 2012,NM,1.5,https://www.cardmarket.com/es/Magic/Products/Singles/Magic-2012/Cemetery-Reaper?sellerCountry=10,,1.5,Red Box,,,,,
Mano de los Magistrados,ES,,1,Cicatrices de Mirrodin,NM,1,https://www.cardmarket.com/es/Magic/Products/Singles/Scars-of-Mirrodin/Hand-of-the-Praetors?sellerCountry=10,,1,Red Box,,,,,
Leonin Arbiter,EN,,1,Cicatrices de Mirrodin,NM,3,https://www.cardmarket.com/es/Magic/Products/Singles/Scars-of-Mirrodin/Leonin-Arbiter?sellerCountry=10,,3,Red Box,,,,,
Ángel de platino,ES,,1,Magic 2011,NM,3,https://www.cardmarket.com/es/Magic/Products/Singles/Magic-2011/Platinum-Angel?sellerCountry=10,,3,Red Box,,,,,
Musa nacida de la semilla,ES,,1,Legiones,EX,6,https://www.cardmarket.com/es/Magic/Products/Singles/Legions/Seedborn-Muse?sellerCountry=10,,6,Red Box,,,,,
Realms Uncharted,EN,,1,Worldwake,NM,3.5,https://www.cardmarket.com/es/Magic/Products/Singles/Rise-of-the-Eldrazi/Realms-Uncharted?sellerCountry=10,,3.5,Red Box,,,,,
Contrahechizo,ES,,1,Sexta Edición,NM,0.8,https://www.cardmarket.com/es/Magic/Products/Singles/Sixth-Edition/Counterspell?sellerCountry=10,,0.8,Red Box,,,,,
Cangrejo de edro,EN,,1,Zendikar,NM,4.5,https://www.cardmarket.com/es/Magic/Products/Singles/Zendikar/Hedron-Crab?sellerCountry=10,,4.5,Red Box,,,,,
Cangrejo de edro,ES,,1,Zendikar,NM,4.5,https://www.cardmarket.com/es/Magic/Products/Singles/Zendikar/Hedron-Crab?sellerCountry=10,,4.5,Red Box,,,,,
Motor de contagio,ES,,1,Cicatrices de Mirrodin,NM,4,https://www.cardmarket.com/es/Magic/Products/Singles/Scars-of-Mirrodin/Contagion-Engine?sellerCountry=10,,4,Red Box,,,,,
Motor de contagio,EN,,1,Cicatrices de Mirrodin,NM,4,https://www.cardmarket.com/es/Magic/Products/Singles/Scars-of-Mirrodin/Contagion-Engine?sellerCountry=10,,4,Red Box,,,,,
Lotus petal,EN,,4,Tempestad,NM,9,https://www.cardmarket.com/es/Magic/Products/Singles/Tempest/Lotus-Petal?sellerCountry=10,,36,Red Box,,,,,
Engendro de acero,EN,Sí,1,Release Promos,NM,0.5,https://www.cardmarket.com/es/Magic/Products/Singles/Release-Promos/Steel-Hellkite?sellerCountry=10,,0.5,Red Box,,,,,
Capataz de acero,ES,,1,Duel Decks: Elspeth vs. Tezzeret,NM,1.2,https://www.cardmarket.com/es/Magic/Products/Singles/Duel-Decks-Elspeth-vs-Tezzeret/Steel-Overseer?sellerCountry=10,,1.2,Red Box,,,,,
Oracle of Mul Daya,EN,,2,Zendikar,NM,17,https://www.cardmarket.com/es/Magic/Products/Singles/Zendikar/Oracle-of-Mul-Daya?sellerCountry=10,,34,Red Box,,,,,
Go for the Throat,EN,,1,Mirrodin Sitiado,NM,0.4,https://www.cardmarket.com/es/Magic/Products/Singles/Mirrodin-Besieged/Go-for-the-Throat?sellerCountry=10,,0.4,Red Box,,,,,
"Valakut, el Pináculo Fundido",EN,,1,Zendikar,NM,10,https://www.cardmarket.com/es/Magic/Products/Singles/Zendikar/Valakut-the-Molten-Pinnacle?sellerCountry=10,,10,Red Box,,,,,
"Valakut, el Pináculo Fundido",ES,,1,Zendikar,NM,10,https://www.cardmarket.com/es/Magic/Products/Singles/Zendikar/Valakut-the-Molten-Pinnacle?sellerCountry=10,,10,Red Box,,,,,
Elvish Archdruid,EN,,2,Magic 2011,NM,1.8,https://www.cardmarket.com/es/Magic/Products/Singles/Magic-2011/Elvish-Archdruid?sellerCountry=10,,3.6,Red Box,,,,,
Anciano de Arboleda Parda,ES,,2,Magic 2012,NM,1.2,https://www.cardmarket.com/es/Magic/Products/Singles/Magic-2012/Dungrove-Elder?sellerCountry=10,,2.4,Red Box,,,,,
"Omnath, Locus of Mana",EN,,4,Worldwake,NM,6.5,https://www.cardmarket.com/es/Magic/Products/Singles/Worldwake/Omnath-Locus-of-Mana?sellerCountry=10,,26,Red Box,,,,,
Etched Champion,EN,,1,Cicatrices de Mirrodin,NM,2.5,https://www.cardmarket.com/es/Magic/Products/Singles/Scars-of-Mirrodin/Etched-Champion?sellerCountry=10,,2.5,Red Box,,,,,
Mapa de la expedición,ES,,1,Zendikar,NM,0.5,https://www.cardmarket.com/es/Magic/Products/Singles/Scars-of-Mirrodin/Etched-Champion?sellerCountry=10,,0.5,Red Box,,,,,
Basilisk Collar,EN,,1,Worldwake,NM,2.4,https://www.cardmarket.com/es/Magic/Products/Singles/Worldwake/Basilisk-Collar?sellerCountry=10,,2.4,Red Box,,,,,
Lightning Greaves,EN,,2,Mirrodin,NM,3,https://www.cardmarket.com/es/Magic/Products/Singles/Mirrodin/Lightning-Greaves?sellerCountry=10,,6,Red Box,,,,,
Lightning Greaves,EN,,2,Duel Decks: Phyrexia vs. The Coalition,NM,3.5,https://www.cardmarket.com/es/Magic/Products/Singles/Duel-Decks-Phyrexia-vs-The-Coalition/Lightning-Greaves?sellerCountry=10,,7,Red Box,,,,,
"Kalitas, jefe de sangre de Ghet",ES,,1,Zendikar,NM,2.4,https://www.cardmarket.com/es/Magic/Products/Singles/Zendikar/Kalitas-Bloodchief-of-Ghet?sellerCountry=10,,2.4,Red Box,,,,,
Leyline of Vitality,EN ,,1,Magic 2011,NM,0.4,https://www.cardmarket.com/es/Magic/Products/Singles/Magic-2011/Leyline-of-Vitality?sellerCountry=10,,0.4,Red Box,,,,,
Laberinto de Nimbos,ES,,1,Visión del Futuro,NM,1.4,https://www.cardmarket.com/es/Magic/Products/Singles/Future-Sight/Nimbus-Maze?sellerCountry=10,,1.4,Red Box,,,,,
"Kasmina, Enigmatic Mentor",EN,,1,La Guerra de la Chispa,NM,0.15,https://www.cardmarket.com/es/Magic/Products/Singles/War-of-the-Spark/Kasmina-Enigmatic-Mentor?sellerCountry=10,,0.15,Red Box,,,,,
Negar,ES,,2,Magic 2012,NM,0.1,https://www.cardmarket.com/es/Magic/Cards/Negate?sellerCountry=10,,0.2,Red Box,,,,,
Birds of Paradise,EN,,1,Magic 2011,NM,5,https://www.cardmarket.com/es/Magic/Products/Singles/Magic-2011/Birds-of-Paradise?sellerCountry=10,,5,Red Box,,,,,
Birds of Paradise,ES,,1,Magic 2011,NM,5,https://www.cardmarket.com/es/Magic/Products/Singles/Magic-2011/Birds-of-Paradise?sellerCountry=10,,5,Red Box,,,,,
Birds of Paradise,ES,,1,Décima Edición,NM,5,https://www.cardmarket.com/es/Magic/Products/Singles/Tenth-Edition/Birds-of-Paradise?sellerCountry=10,,5,Red Box,,,,,
Birds of Paradise,EN,,1,Revised,NM,25,https://www.cardmarket.com/es/Magic/Products/Singles/Revised/Birds-of-Paradise?sellerCountry=10,,25,Red Box,,,,,
Canyon Minotaur,EN,Sí,1,Magic 2011,NM,0.15,https://www.cardmarket.com/es/Magic/Products/Singles/Magic-2011/Canyon-Minotaur?isFoil=Y,,0.15,Red Box,,,,,
"Oran-Rief, el Bosque Extenso",ES,Sí,1,Zendikar,NM,2.5,https://www.cardmarket.com/es/Magic/Products/Singles/Zendikar/OranRief-the-Vastwood?sellerCountry=10&isFoil=Y,,2.5,Red Box,,,,,
Nissa Revane,EN,,1,Zendikar,NM,5,https://www.cardmarket.com/es/Magic/Products/Singles/Zendikar/Nissa-Revane?sellerCountry=10,,5,Red Box,,,,,
Putrefax,ES,Sí,1,Cicatrices de Mirrodin,NM,0.15,https://www.cardmarket.com/es/Magic/Products/Singles/Scars-of-Mirrodin/Putrefax?sellerCountry=10,,0.15,Red Box,,,,,
Putrefax,ES,,2,Cicatrices de Mirrodin,NM,0.3,https://www.cardmarket.com/es/Magic/Products/Singles/Scars-of-Mirrodin/Putrefax?sellerCountry=10,,0.6,Red Box,,,,,
Putrefax,EN,,1,Cicatrices de Mirrodin,NM,0.15,https://www.cardmarket.com/es/Magic/Products/Singles/Scars-of-Mirrodin/Putrefax?sellerCountry=10,,0.15,Red Box,,,,,
Beastmaster Ascension,EN,,2,Zendikar,NM,4,https://www.cardmarket.com/es/Magic/Products/Singles/Zendikar/Beastmaster-Ascension?sellerCountry=10,,8,Red Box,,,,,
Quest for Renewal,EN,Sí,1,Worldwake,NM,3,https://www.cardmarket.com/es/Magic/Products/Singles/Worldwake/Quest-for-Renewal?sellerCountry=10,,3,Red Box,,,,,
Quest for Renewal,EN,,1,Worldwake,NM,3,https://www.cardmarket.com/es/Magic/Products/Singles/Worldwake/Quest-for-Renewal?sellerCountry=10,,3,Red Box,,,,,
Elfos de Llanowar,ES,Sí,1,Sexta Edición,NM,0.15,https://www.cardmarket.com/es/Magic/Products/Singles/Sixth-Edition/Llanowar-Elves?sellerCountry=10,,0.15,Red Box,,,,,
Elfos de Llanowar,ES,Sí,1,Séptima Edición,NM,0.15,https://www.cardmarket.com/es/Magic/Products/Singles/Sixth-Edition/Llanowar-Elves?sellerCountry=10,,0.15,Red Box,,,,,
Chandra Nalaar,EN,Sí,1,Magic 2011,NM,4,https://www.cardmarket.com/es/Magic/Products/Singles/Magic-2011/Chandra-Nalaar?sellerCountry=10&isFoil=Y,,4,Red Box,,,,,
Chandra Nalaar,EN,,1,Magic 2011,NM,1.5,https://www.cardmarket.com/es/Magic/Products/Singles/Magic-2011/Chandra-Nalaar?sellerCountry=10&isFoil=Y,,1.5,Red Box,,,,,
"Chandra, the Firebrand",EN,,1,Magic 2012,NM,0.15,https://www.cardmarket.com/es/Magic/Products/Singles/Magic-2012/Chandra-the-Firebrand?sellerCountry=10,,0.15,Red Box,,,,,
Jefe azotador de vapor,ES,,1,Visión del Futuro,NM,0.25,https://www.cardmarket.com/es/Magic/Products/Singles/Future-Sight/Steamflogger-Boss?sellerCountry=10,,0.25,Red Box,,,,,
Burning Inquiry,EN,,4,Magic 2010,NM,1,https://www.cardmarket.com/es/Magic/Products/Singles/Magic-2010/Burning-Inquiry?sellerCountry=10,,4,Red Box,,,,,
Red Sun's Zenith,EN,,1,Mirrodin Sitiado,NM,0.2,https://www.cardmarket.com/es/Magic/Products/Singles/Mirrodin-Besieged/Red-Sun-s-Zenith?sellerCountry=10,,0.2,Red Box,,,,,
Señor de la guerra de Kazuul,EN,,1,Zendikar,NM,0.15,https://www.cardmarket.com/es/Magic/Products/Singles/Zendikar/Kazuul-Warlord?sellerCountry=10,,0.15,Red Box,,,,,
Señor de la guerra de Kazuul,ES,,1,Zendikar,NM,0.15,https://www.cardmarket.com/es/Magic/Products/Singles/Zendikar/Kazuul-Warlord?sellerCountry=10,,0.15,Red Box,,,,,
Dragón fundetesoros,ES,,1,Cicatrices de Mirrodin,NM,0.2,https://www.cardmarket.com/es/Magic/Products/Singles/Scars-of-Mirrodin/Hoard-Smelter-Dragon?sellerCountry=10,,0.2,Red Box,,,,,
Reverberate,EN,,1,Magic 2012,NM,1,https://www.cardmarket.com/es/Magic/Products/Singles/Magic-2012/Reverberate?sellerCountry=10,,1,Red Box,,,,,
Fuerza destructiva,ES,,1,Magic 2011,NM,0.2,https://www.cardmarket.com/es/Magic/Products/Singles/Magic-2011/Destructive-Force?sellerCountry=10,,0.2,Red Box,,,,,
"Kazuul, Tyrant of the Cliffs",EN,,1,Worldwake,NM,0.5,https://www.cardmarket.com/es/Magic/Products/Singles/Worldwake/Kazuul-Tyrant-of-the-Cliffs?sellerCountry=10,,0.5,Red Box,,,,,
Dragón acaparador,ES,,1,Magic 2011,NM,0.15,https://www.cardmarket.com/es/Magic/Products/Singles/Magic-2011/Hoarding-Dragon?sellerCountry=10,,0.15,Red Box,,,,,
Molten-Tail Masticore,EN,,1,Cicatrices de Mirrodin,NM,0.25,https://www.cardmarket.com/es/Magic/Products/Singles/Scars-of-Mirrodin/Molten-Tail-Masticore?sellerCountry=10,,0.25,Red Box,,,,,
Myr Turbine,EN,,1,Mirrodin Sitiado,NM,1,https://www.cardmarket.com/es/Magic/Products/Singles/Mirrodin-Besieged/Myr-Turbine?sellerCountry=10,,1,Red Box,,,,,
Bazaar Trader,EN,,1,Worldwake,NM,0.5,https://www.cardmarket.com/es/Magic/Products/Singles/Worldwake/Bazaar-Trader?sellerCountry=10,,0.5,Red Box,,,,,
Dragón mordiente ,ES,sí,1,Worldwake,NM,0.5,https://www.cardmarket.com/es/Magic/Products/Singles/Worldwake/Mordant-Dragon?sellerCountry=10&isFoil=Y,,0.5,Red Box,,,,,
Engendro cargador,ES,,1,Zendikar,NM,0.2,https://www.cardmarket.com/es/Magic/Products/Singles/Zendikar/Hellkite-Charger?sellerCountry=10,,0.2,Red Box,,,,,
Mirrorworks,EN,,1,Mirrodin Sitiado,NM,0.35,https://www.cardmarket.com/es/Magic/Products/Singles/Mirrodin-Besieged/Mirrorworks?sellerCountry=10,,0.35,Red Box,,,,,
Manabarbs,EN,,1,Magic 2012,NM,0.2,https://www.cardmarket.com/es/Magic/Products/Singles/Magic-2012/Manabarbs?sellerCountry=10,,0.2,Red Box,,,,,
Dragón de acero fundido,ES,,1,Nueva Phyrexia,NM,0.4,https://www.cardmarket.com/es/Magic/Products/Singles/New-Phyrexia/Moltensteel-Dragon?sellerCountry=10,,0.4,Red Box,,,,,
Petroglifos muraganda,ES,,1,Visión del Futuro,NM,0.4,https://www.cardmarket.com/es/Magic/Products/Singles/Future-Sight/Muraganda-Petroglyphs?sellerCountry=10,,0.4,Red Box,,,,,
Anexo de Norn,ES,,1,Nueva Phyrexia,NM,2,https://www.cardmarket.com/es/Magic/Products/Singles/New-Phyrexia/Norn-s-Annex?sellerCountry=10,,2,Red Box,,,,,
Woodland Cemetery,EN,,2,Dominaria,NM,2.5,https://www.cardmarket.com/es/Magic/Products/Singles/Dominaria/Woodland-Cemetery?sellerCountry=10,,5,Red Box,,,,,
Dragonskull Summit,EN,,1,Magic 2011,NM,2.5,https://www.cardmarket.com/es/Magic/Products/Singles/Magic-2011/Dragonskull-Summit?sellerCountry=10,,2.5,Red Box,,,,,
Dragonskull Summit,ES,,1,Magic 2011,NM,2.5,https://www.cardmarket.com/es/Magic/Products/Singles/Magic-2011/Dragonskull-Summit?sellerCountry=10,,2.5,Red Box,,,,,
Jhoira de los ghitu,ES,,1,Visión del Futuro,NM,0.4,https://www.cardmarket.com/es/Magic/Products/Singles/Future-Sight/Jhoira-of-the-Ghitu?sellerCountry=10,,0.4,Red Box,,,,,
Supremacía simic,ES,Sí,1,Ravnica Allegiance,NM,0.5,https://www.cardmarket.com/es/Magic/Products/Singles/Ravnica-Allegiance-Extras/Simic-Ascendancy?sellerCountry=10&isFoil=Y,,0.5,Red Box,,,,,
Lightning Helix,EN,,2,Rávnica: Ciudad de Gremios,NM,0.4,https://www.cardmarket.com/es/Magic/Products/Singles/Ravnica-City-of-Guilds/Lightning-Helix?sellerCountry=10,,0.8,Red Box,,,,,
Lightning Helix,ES,,1,Rávnica: Ciudad de Gremios,NM,0.4,https://www.cardmarket.com/es/Magic/Products/Singles/Ravnica-City-of-Guilds/Lightning-Helix?sellerCountry=10,,0.4,Red Box,,,,,
Contested War Zone,EN,,2,Mirrodin Sitiado,NM,0.2,https://www.cardmarket.com/es/Magic/Products/Singles/Mirrodin-Besieged/Contested-War-Zone?sellerCountry=10,,0.4,Red Box,,,,,
Gargoyle Castle,EN,,1,Magic 2010,NM,0.2,https://www.cardmarket.com/es/Magic/Products/Singles/Magic-2010/Gargoyle-Castle?sellerCountry=10,,0.2,Red Box,,,,,
Mystifying Maze,EN,,1,Magic 2011,NM,0.2,https://www.cardmarket.com/es/Magic/Products/Singles/Magic-2011/Mystifying-Maze?sellerCountry=10,,0.2,Red Box,,,,,
Desolate Lighthouse,EN,,1,Avacyn Restored,NM,0.15,https://www.cardmarket.com/es/Magic/Products/Singles/Avacyn-Restored/Desolate-Lighthouse?sellerCountry=10,,0.15,Red Box,,,,,
"Rix Maadi, Dungeon Palace",EN,,1,Discordia,NM,0.1,https://www.cardmarket.com/es/Magic/Products/Singles/Dissension/Rix-Maadi-Dungeon-Palace?sellerCountry=10,,0.1,Red Box,,,,,
Shivan Oasis,EN,,2,Duel Decks: Phyrexia vs. The Coalition,NM,0.15,https://www.cardmarket.com/es/Magic/Products/Singles/Duel-Decks-Phyrexia-vs-The-Coalition/Shivan-Oasis?sellerCountry=10,,0.3,Red Box,,,,,
Elfhame palace,EN,,2,Duel Decks: Phyrexia vs. The Coalition,NM,0.15,https://www.cardmarket.com/es/Magic/Products/Singles/Duel-Decks-Phyrexia-vs-The-Coalition/Elfhame-Palace?sellerCountry=10,,0.3,Red Box,,,,,
Clachán Rústico,ES,,1,Duel Decks: Elspeth vs. Tezzeret,NM,0.1,https://www.cardmarket.com/es/Magic/Products/Singles/Duel-Decks-Elspeth-vs-Tezzeret/Rustic-Clachan?sellerCountry=10,,0.1,Red Box,,,,,
Fuerte boros,ES,,1,Rávnica: Ciudad de Gremios,NM,0.1,https://www.cardmarket.com/es/Magic/Products/Singles/Ravnica-City-of-Guilds/Boros-Garrison?sellerCountry=10,,0.1,Red Box,,,,,
Capa de hielo boreal,ES,,1,Ola de frío,NM,0.15,https://www.cardmarket.com/es/Magic/Products/Singles/Coldsnap/Boreal-Shelf?sellerCountry=10,,0.15,Red Box,,,,,
Quicksand,EN,,2,Worldwake,NM,0.1,https://www.cardmarket.com/es/Magic/Products/Singles/Worldwake/Quicksand?sellerCountry=10,,0.2,Red Box,,,,,
Epocrásito,ES,,1,Visión del Futuro,NM,0.15,https://www.cardmarket.com/es/Magic/Products/Singles/Future-Sight/Epochrasite?sellerCountry=10,,0.15,Red Box,,,,,
Conducto de almas,ES,,1,Nueva Phyrexia,NM,0.2,https://www.cardmarket.com/es/Magic/Products/Singles/New-Phyrexia/Soul-Conduit?sellerCountry=10,,0.2,Red Box,,,,,
Elixir de inmortalidad,ES,,1,Duel Decks: Elspeth vs. Tezzeret,NM,0.1,https://www.cardmarket.com/es/Magic/Products/Singles/Duel-Decks-Elspeth-vs-Tezzeret/Elixir-of-Immortality?sellerCountry=10,,0.1,Red Box,,,,,
Sundial of the Infinite,EN,,1,Magic 2012,NM,1.5,https://www.cardmarket.com/es/Magic/Products/Singles/Magic-2012/Sundial-of-the-Infinite?sellerCountry=10,,1.5,Red Box,,,,,
Fuerte de acero oscuro,ES,,1,Visión del Futuro,NM,0.2,https://www.cardmarket.com/es/Magic/Products/Singles/Future-Sight/Darksteel-Garrison?sellerCountry=10,,0.2,Red Box,,,,,
Mirror of Fate,EN,,1,Magic 2010,NM,0.25,https://www.cardmarket.com/es/Magic/Products/Singles/Magic-2010/Mirror-of-Fate?sellerCountry=10,,0.25,Red Box,,,,,
Darksteel Juggernaut,EN,,1,Cicatrices de Mirrodin,NM,0.3,https://www.cardmarket.com/es/Magic/Products/Singles/Scars-of-Mirrodin/Darksteel-Juggernaut?sellerCountry=10,,0.3,Red Box,,,,,
Omen Machine,EN,,1,Nueva Phyrexia,NM,0.3,https://www.cardmarket.com/es/Magic/Products/Singles/New-Phyrexia/Omen-Machine?sellerCountry=10,,0.3,Red Box,,,,,
Spine of Ish sah,EN,,2,Mirrodin Sitiado,NM,0.35,https://www.cardmarket.com/es/Magic/Products/Singles/Mirrodin-Besieged/Spine-of-Ish-Sah?sellerCountry=10,,0.7,Red Box,,,,,
Mina Magnética,ES,,2,Mirrodin Sitiado,NM,0.15,https://www.cardmarket.com/es/Magic/Products/Singles/Mirrodin-Besieged/Magnetic-Mine?sellerCountry=10,,0.3,Red Box,,,,,
Montaje de tópteros,ES,,2,Mirrodin Sitiado,NM,0.15,https://www.cardmarket.com/es/Magic/Products/Singles/Mirrodin-Besieged/Thopter-Assembly?sellerCountry=10,,0.3,Red Box,,,,,
"Vivien, Champion of the Wilds",EN,,1,La Guerra de la Chispa,NM,0.5,https://www.cardmarket.com/es/Magic/Products/Singles/War-of-the-Spark/Vivien-Champion-of-the-Wilds?sellerCountry=10,,0.5,Red Box,,,,,
"Tolsimir, Friend to Wolves",EN,,1,La Guerra de la Chispa,NM,0.2,https://www.cardmarket.com/es/Magic/Products/Singles/War-of-the-Spark/Tolsimir-Friend-to-Wolves?sellerCountry=10,,0.2,Red Box,,,,,
La Saga de Urza,EN,,4,Modern Horizons 2,NM,34,https://www.cardmarket.com/es/Magic/Products/Singles/Modern-Horizons-2/Urzas-Saga?sellerCountry=10,,136,Baraja,,,,,
Lanza Sombría,EN,,1,Theros Beyond Death,NM,14,https://www.cardmarket.com/es/Magic/Products/Singles/Theros-Beyond-Death/Shadowspear?sellerCountry=10,,14,Baraja,,,,,
,,,,,,,,,0,,,,,,
